city,beds,baths,sq__ft,type,price,sale_date,street
SACRAMENTO,2,1,836,Residential,59222,Wed May 21  EDT 2008,3526 HIGH ST
SACRAMENTO,3,1,1167,Residential,68212,Wed May 21  EDT 2008,51 OMAHA CT
SACRAMENTO,2,1,796,Residential,68880,Wed May 21  EDT 2008,2796 BRANCH ST
SACRAMENTO,2,1,852,Residential,69307,Wed May 21  EDT 2008,2805 JANETTE WAY
SACRAMENTO,2,1,797,Residential,81900,Wed May 21  EDT 2008,6001 MCMAHON DR
SACRAMENTO,3,1,1122,Condo,89921,Wed May 21  EDT 2008,5828 PEPPERMILL CT
SACRAMENTO,3,2,1104,Residential,90895,Wed May 21  EDT 2008,6048 OGDEN NASH WAY
SACRAMENTO,3,1,1177,Residential,91002,Wed May 21  EDT 2008,2561 19TH AVE
RANCHO CORDOVA,2,2,941,Condo,94905,Wed May 21  EDT 2008,11150 TRINITY RIVER DR Unit 114
RIO LINDA,3,2,1146,Residential,98937,Wed May 21  EDT 2008,7325 10TH ST
SACRAMENTO,3,2,909,Residential,100309,Wed May 21  EDT 2008,645 MORRISON AVE
SACRAMENTO,3,2,1289,Residential,106250,Wed May 21  EDT 2008,4085 FAWN CIR
SACRAMENTO,1,1,871,Residential,106852,Wed May 21  EDT 2008,2930 LA ROSA RD
SACRAMENTO,3,1,1020,Residential,107502,Wed May 21  EDT 2008,2113 KIRK WAY
SACRAMENTO,2,2,1022,Residential,108750,Wed May 21  EDT 2008,4533 LOCH HAVEN WAY
SACRAMENTO,2,2,1134,Condo,110700,Wed May 21  EDT 2008,7340 HAMDEN PL
RIO LINDA,2,1,844,Residential,113263,Wed May 21  EDT 2008,6715 6TH ST
CITRUS HEIGHTS,2,1,795,Condo,116250,Wed May 21  EDT 2008,6236 LONGFORD DR Unit 1
SACRAMENTO,2,1,588,Residential,120000,Wed May 21  EDT 2008,250 PERALTA AVE
RIO LINDA,3,2,1356,Residential,121630,Wed May 21  EDT 2008,113 LEEWILL AVE
CITRUS HEIGHTS,3,2,1118,Residential,122000,Wed May 21  EDT 2008,6118 STONEHAND AVE
SACRAMENTO,4,2,1329,Residential,122682,Wed May 21  EDT 2008,4882 BANDALIN WAY
NORTH HIGHLANDS,4,2,1240,Residential,123000,Wed May 21  EDT 2008,7511 OAKVALE CT
SACRAMENTO,3,2,1601,Residential,124100,Wed May 21  EDT 2008,9 PASTURE CT
NORTH HIGHLANDS,3,2,901,Residential,125000,Wed May 21  EDT 2008,3729 BAINBRIDGE DR
ANTELOPE,3,2,1088,Residential,126640,Wed May 21  EDT 2008,3828 BLACKFOOT WAY
SACRAMENTO,3,1,963,Residential,127281,Wed May 21  EDT 2008,4108 NORTON WAY
SACRAMENTO,3,2,1119,Residential,129000,Wed May 21  EDT 2008,1469 JANRICK AVE
SACRAMENTO,4,2,1380,Residential,131200,Wed May 21  EDT 2008,9861 CULP WAY
SACRAMENTO,3,2,1248,Residential,132000,Wed May 21  EDT 2008,7825 CREEK VALLEY CIR
ELK GROVE,2,2,1039,Condo,133000,Wed May 21  EDT 2008,5201 LAGUNA OAKS DR Unit 140
NORTH HIGHLANDS,3,2,1152,Residential,134555,Wed May 21  EDT 2008,6768 MEDORA DR
SACRAMENTO,3,2,1380,Residential,136500,Wed May 21  EDT 2008,3100 EXPLORER DR
ELVERTA,3,2,1116,Residential,138750,Wed May 21  EDT 2008,7944 DOMINION WAY
ELK GROVE,2,2,1039,Condo,141000,Wed May 21  EDT 2008,5201 LAGUNA OAKS DR Unit 162
SACRAMENTO,3,2,1418,Residential,146250,Wed May 21  EDT 2008,3920 SHINING STAR DR
NORTH HIGHLANDS,3,2,1082,Residential,147308,Wed May 21  EDT 2008,5031 CORVAIR ST
SACRAMENTO,4,2,1472,Residential,148750,Wed May 21  EDT 2008,7661 NIXOS WAY
SACRAMENTO,4,2,1146,Residential,149593,Wed May 21  EDT 2008,7044 CARTHY WAY
SACRAMENTO,1,1,760,Condo,150000,Wed May 21  EDT 2008,2442 LARKSPUR LN
SACRAMENTO,2,2,1304,Condo,152000,Wed May 21  EDT 2008,4800 WESTLAKE PKWY Unit 2109
SACRAMENTO,3,2,1207,Residential,154000,Wed May 21  EDT 2008,2178 63RD AVE
ELK GROVE,3,2,1056,Residential,156896,Wed May 21  EDT 2008,8718 ELK WAY
ANTELOPE,2,2,1043,Residential,161250,Wed May 21  EDT 2008,5708 RIDGEPOINT DR
NORTH HIGHLANDS,4,2,1587,Residential,161500,Wed May 21  EDT 2008,7315 KOALA CT
SACRAMENTO,4,1,1120,Residential,164000,Wed May 21  EDT 2008,2622 ERIN DR
SACRAMENTO,4,2,1580,Residential,165000,Wed May 21  EDT 2008,8421 SUNBLAZE WAY
SACRAMENTO,3,2,1463,Residential,174250,Wed May 21  EDT 2008,7223 KALLIE KAY LN
SACRAMENTO,4,2,1714,Residential,174313,Wed May 21  EDT 2008,8156 STEINBECK WAY
SACRAMENTO,3,2,1185,Residential,178480,Wed May 21  EDT 2008,7957 VALLEY GREEN DR
GALT,3,2,1406,Residential,178760,Wed May 21  EDT 2008,1122 WILD POPPY CT
SACRAMENTO,4,2,1943,Multi-Family,179580,Wed May 21  EDT 2008,4520 BOMARK WAY
SACRAMENTO,3,2,1172,Residential,181000,Wed May 21  EDT 2008,9012 KIEFER BLVD
CARMICHAEL,3,1,1152,Residential,181872,Wed May 21  EDT 2008,5332 SANDSTONE ST
SACRAMENTO,4,3,1851,Residential,182587,Wed May 21  EDT 2008,5993 SAWYER CIR
ANTELOPE,3,2,1215,Residential,182716,Wed May 21  EDT 2008,4844 CLYDEBANK WAY
GALT,3,2,1130,Residential,182750,Wed May 21  EDT 2008,306 CAMELLIA WAY
ORANGEVALE,4,2,1603,Residential,183200,Wed May 21  EDT 2008,9021 MADISON AVE
GALT,3,1,1479,Residential,188741,Wed May 21  EDT 2008,404 6TH ST
SACRAMENTO,3,2,1420,Residential,189000,Wed May 21  EDT 2008,8317 SUNNY CREEK WAY
SACRAMENTO,3,2,1280,Residential,192067,Wed May 21  EDT 2008,2617 BASS CT
ELK GROVE,3,2,1586,Residential,194000,Wed May 21  EDT 2008,7005 TIANT WAY
ANTELOPE,3,2,1362,Residential,194818,Wed May 21  EDT 2008,7895 CABER WAY
SACRAMENTO,4,4,2162,Multi-Family,195000,Wed May 21  EDT 2008,7624 BOGEY CT
SACRAMENTO,3,2,1266,Residential,198000,Wed May 21  EDT 2008,6930 HAMPTON COVE WAY
ELK GROVE,4,2,1715,Residential,199500,Wed May 21  EDT 2008,8708 MESA BROOK WAY
FOLSOM,3,2,1820,Residential,200000,Wed May 21  EDT 2008,120 GRANT LN
CARMICHAEL,3,1,936,Residential,200000,Wed May 21  EDT 2008,5907 ELLERSLEE DR
SACRAMENTO,0,0,0,Residential,206000,Wed May 21  EDT 2008,17 SERASPI CT
SACRAMENTO,3,2,1511,Residential,208000,Wed May 21  EDT 2008,170 PENHOW CIR
SACRAMENTO,4,2,1590,Residential,212864,Wed May 21  EDT 2008,8345 STAR THISTLE WAY
ELK GROVE,4,2,1596,Residential,221000,Wed May 21  EDT 2008,9080 FRESCA WAY
SACRAMENTO,2,2,1341,Residential,221000,Wed May 21  EDT 2008,391 NATALINO CIR
ELK GROVE,5,3,2136,Residential,223058,Wed May 21  EDT 2008,8373 BLACKMAN WAY
ELK GROVE,4,2,1616,Residential,227887,Wed May 21  EDT 2008,9837 CORTE DORADO CT
SACRAMENTO,3,2,1478,Residential,231477,Wed May 21  EDT 2008,5037 J PKWY
RANCHO CORDOVA,3,2,1287,Residential,234697,Wed May 21  EDT 2008,10245 LOS PALOS DR
CITRUS HEIGHTS,4,2,1277,Residential,235000,Wed May 21  EDT 2008,6613 NAVION DR
SACRAMENTO,4,2,1448,Residential,236000,Wed May 21  EDT 2008,2887 AZEVEDO DR
SACRAMENTO,4,3,2235,Residential,236685,Wed May 21  EDT 2008,9186 KINBRACE CT
MATHER,3,2,2093,Residential,237800,Wed May 21  EDT 2008,4243 MIDDLEBURY WAY
RIO LINDA,3,2,1193,Residential,240122,Wed May 21  EDT 2008,1028 FALLON PLACE CT
ELK GROVE,3,2,2163,Residential,242638,Wed May 21  EDT 2008,4804 NORIKER DR
SACRAMENTO,3,2,1269,Residential,244000,Wed May 21  EDT 2008,7713 HARVEST WOODS DR
SACRAMENTO,0,0,0,Residential,244500,Wed May 21  EDT 2008,2866 KARITSA AVE
SACRAMENTO,3,1,958,Residential,244960,Wed May 21  EDT 2008,6913 RICHEVE WAY
ELK GROVE,5,3,2508,Residential,245918,Wed May 21  EDT 2008,8636 TEGEA WAY
CITRUS HEIGHTS,3,2,1305,Residential,250000,Wed May 21  EDT 2008,5448 MAIDSTONE WAY
ELK GROVE,4,2,1591,Residential,250000,Wed May 21  EDT 2008,18 OLLIE CT
CARMICHAEL,2,2,1326,Condo,250134,Wed May 21  EDT 2008,4010 ALEX LN
ELK GROVE,3,2,1843,Residential,254200,Wed May 21  EDT 2008,4901 MILLNER WAY
SACRAMENTO,4,2,1921,Residential,254200,Wed May 21  EDT 2008,4818 BRITTNEY LEE CT
ELK GROVE,5,3,2790,Residential,258000,Wed May 21  EDT 2008,5529 LAGUNA PARK DR
SACRAMENTO,3,2,1541,Residential,260000,Wed May 21  EDT 2008,230 CANDELA CIR
SACRAMENTO,3,1,1018,Residential,260014,Wed May 21  EDT 2008,4900 71ST ST
RANCHO CORDOVA,0,0,0,Residential,263500,Wed May 21  EDT 2008,12209 CONSERVANCY WAY
SACRAMENTO,3,2,1672,Condo,265000,Wed May 21  EDT 2008,4236 NATOMAS CENTRAL DR
POLLOCK PINES,3,2,1380,Residential,265000,Wed May 21  EDT 2008,5615 LUPIN LN
SACRAMENTO,3,1,975,Residential,271742,Wed May 21  EDT 2008,5625 JAMES WAY
SACRAMENTO,4,3,2372,Residential,273750,Wed May 21  EDT 2008,7842 LAHONTAN CT
SACRAMENTO,3,2,1446,Residential,275086,Wed May 21  EDT 2008,6850 21ST ST
POLLOCK PINES,2,2,1284,Residential,280908,Wed May 21  EDT 2008,2900 BLAIR RD
SACRAMENTO,4,3,3009,Residential,280987,Wed May 21  EDT 2008,2064 EXPEDITION WAY
SACRAMENTO,8,4,3612,Multi-Family,282400,Wed May 21  EDT 2008,2912 NORCADE CIR
ELK GROVE,4,2,2056,Residential,285000,Wed May 21  EDT 2008,9507 SEA CLIFF WAY
ELK GROVE,4,2,1993,Residential,287417,Wed May 21  EDT 2008,8882 AUTUMN GOLD CT
ELK GROVE,3,2,1857,Residential,291000,Wed May 21  EDT 2008,5322 WHITE LOTUS WAY
SACRAMENTO,2,1,1126,Residential,292024,Wed May 21  EDT 2008,1838 CASTRO WAY
SACRAMENTO,4,4,2213,Multi-Family,297000,Wed May 21  EDT 2008,10158 CRAWFORD WAY
ELK GROVE,5,3,2494,Residential,297000,Wed May 21  EDT 2008,7731 MASTERS ST
ELK GROVE,3,2,1843,Residential,298000,Wed May 21  EDT 2008,4925 PERCHERON DR
GOLD RIVER,2,2,1520,Residential,299000,Wed May 21  EDT 2008,2010 PROMONTORY POINT LN
SACRAMENTO,5,3,2800,Residential,304037,Wed May 21  EDT 2008,4727 SAVOIE WAY
ELK GROVE,4,2,2309,Residential,311000,Wed May 21  EDT 2008,8664 MAGNOLIA HILL WAY
SACRAMENTO,5,3,2367,Residential,315537,Wed May 21  EDT 2008,9570 HARVEST ROSE WAY
RANCHO CORDOVA,5,4,3516,Residential,320000,Wed May 21  EDT 2008,4359 CREGAN CT
RANCHO CORDOVA,0,0,0,Residential,320000,Wed May 21  EDT 2008,5337 DUSTY ROSE WAY
SACRAMENTO,4,3,1914,Residential,328360,Wed May 21  EDT 2008,8929 SUTTERS GOLD DR
ORANGEVALE,2,1,1690,Residential,334150,Wed May 21  EDT 2008,8025 PEERLESS AVE
ELK GROVE,3,3,2725,Residential,335750,Wed May 21  EDT 2008,4620 WELERA WAY
ELK GROVE,4,3,2354,Residential,335750,Wed May 21  EDT 2008,9723 TERRAPIN CT
SACRAMENTO,0,0,0,Residential,339500,Wed May 21  EDT 2008,2115 SMOKESTACK WAY
FOLSOM,3,2,2185,Residential,344250,Wed May 21  EDT 2008,100 REBECCA WAY
ELK GROVE,4,2,1801,Residential,346210,Wed May 21  EDT 2008,9488 OAK VILLAGE WAY
SACRAMENTO,3,3,1961,Residential,347029,Wed May 21  EDT 2008,8495 DARTFORD DR
ELK GROVE,4,2,3134,Residential,347650,Wed May 21  EDT 2008,6708 PONTA DO SOL WAY
SACRAMENTO,4,3,1915,Residential,351300,Wed May 21  EDT 2008,4143 SEA MEADOW WAY
EL DORADO HILLS,3,2,0,Residential,352000,Wed May 21  EDT 2008,3020 RICHARDSON CIR
SACRAMENTO,0,0,0,Residential,370000,Wed May 21  EDT 2008,8082 LINDA ISLE LN
RANCHO MURIETA,4,3,2734,Residential,370500,Wed May 21  EDT 2008,15300 MURIETA SOUTH PKWY
WILTON,3,2,2110,Residential,372000,Wed May 21  EDT 2008,11215 SHARRMONT CT
ELK GROVE,5,3,3164,Residential,375000,Wed May 21  EDT 2008,7105 DANBERG WAY
SACRAMENTO,5,3,3599,Residential,381300,Wed May 21  EDT 2008,5579 JERRY LITELL WAY
SACRAMENTO,4,2,2054,Residential,381942,Wed May 21  EDT 2008,1050 FOXHALL WAY
ANTELOPE,4,2,1830,Residential,387731,Wed May 21  EDT 2008,7837 ABBINGTON WAY
SACRAMENTO,3,3,1627,Residential,391000,Wed May 21  EDT 2008,1300 F ST
ELK GROVE,4,3,3440,Residential,394470,Wed May 21  EDT 2008,6801 RAWLEY WAY
GREENWOOD,3,2,2846,Residential,395000,Wed May 21  EDT 2008,1693 SHELTER COVE DR
ELK GROVE,4,3,2359,Residential,400186,Wed May 21  EDT 2008,9361 WADDELL LN
SACRAMENTO,3,3,2052,Residential,415000,Wed May 21  EDT 2008,10 SEA FOAM CT
ELK GROVE,5,3,3433,Residential,425000,Wed May 21  EDT 2008,6945 RIO TEJO WAY
RANCHO CORDOVA,5,3,3615,Residential,430000,Wed May 21  EDT 2008,4186 TULIP PARK WAY
ELK GROVE,0,0,0,Residential,445000,Wed May 21  EDT 2008,9278 DAIRY CT
FOLSOM,5,3,2687,Residential,460000,Wed May 21  EDT 2008,207 ORANGE BLOSSOM CIR Unit C
ELK GROVE,4,3,2724,Residential,461000,Wed May 21  EDT 2008,6507 RIO DE ONAR WAY
ELK GROVE,4,3,3440,Residential,489332,Wed May 21  EDT 2008,7004 RAWLEY WAY
ELK GROVE,5,4,3508,Residential,510000,Wed May 21  EDT 2008,6503 RIO DE ONAR WAY
FOLSOM,4,2,2462,Residential,539000,Wed May 21  EDT 2008,2217 APPALOOSA CT
FOLSOM,0,0,0,Residential,585000,Wed May 21  EDT 2008,868 HILDEBRAND CIR
EL DORADO HILLS,4,3,0,Residential,600000,Wed May 21  EDT 2008,6030 PALERMO WAY
EL DORADO HILLS,4,3,0,Residential,606238,Wed May 21  EDT 2008,4070 REDONDO DR
SACRAMENTO,3,3,2325,Residential,660000,Wed May 21  EDT 2008,4004 CRESTA WAY
EL DORADO HILLS,6,5,0,Residential,830000,Wed May 21  EDT 2008,315 JUMEL CT
CITRUS HEIGHTS,2,1,795,Condo,69000,Tue May 20  EDT 2008,6272 LONGFORD DR Unit 1
SACRAMENTO,4,2,1099,Residential,70000,Tue May 20  EDT 2008,3432 Y ST
ELK GROVE,2,1,840,Condo,71000,Tue May 20  EDT 2008,9512 EMERALD PARK DR Unit 3
SACRAMENTO,2,1,800,Residential,78000,Tue May 20  EDT 2008,3132 CLAY ST
SACRAMENTO,2,1,746,Residential,78400,Tue May 20  EDT 2008,5221 38TH AVE
SACRAMENTO,3,1,1067,Residential,80000,Tue May 20  EDT 2008,6112 HERMOSA ST
SACRAMENTO,4,2,1316,Residential,89000,Tue May 20  EDT 2008,483 ARCADE BLVD
SACRAMENTO,3,1,1337,Residential,90000,Tue May 20  EDT 2008,671 SONOMA AVE
SACRAMENTO,2,1,868,Residential,90000,Tue May 20  EDT 2008,5980 79TH ST
SACRAMENTO,3,1,924,Residential,92000,Tue May 20  EDT 2008,7607 ELDER CREEK RD
SACRAMENTO,2,1,610,Residential,93675,Tue May 20  EDT 2008,5028 14TH AVE
RANCHO MURIETA,0,0,0,Residential,97750,Tue May 20  EDT 2008,14788 NATCHEZ CT
SACRAMENTO,2,1,1220,Residential,98000,Tue May 20  EDT 2008,1069 ACACIA AVE
ELK GROVE,1,1,722,Condo,98000,Tue May 20  EDT 2008,5201 LAGUNA OAKS DR Unit 199
SACRAMENTO,3,1,1643,Residential,99000,Tue May 20  EDT 2008,3847 LAS PASAS WAY
ELK GROVE,1,1,722,Condo,100000,Tue May 20  EDT 2008,5201 LAGUNA OAKS DR Unit 172
GALT,3,1,1080,Residential,106716,Tue May 20  EDT 2008,1121 CREEKSIDE WAY
SACRAMENTO,3,1,1039,Residential,111000,Tue May 20  EDT 2008,5307 CABRILLO WAY
NORTH HIGHLANDS,3,1,1051,Residential,111000,Tue May 20  EDT 2008,3725 DON JULIO BLVD
SACRAMENTO,2,2,967,Residential,114800,Tue May 20  EDT 2008,4803 MCCLOUD DR
RANCHO CORDOVA,3,1,1098,Residential,120108,Tue May 20  EDT 2008,10542 SILVERWOOD WAY
SACRAMENTO,3,1,1050,Residential,123225,Tue May 20  EDT 2008,6318 39TH AVE
SACRAMENTO,3,2,1110,Residential,123750,Tue May 20  EDT 2008,211 MCDANIEL CIR
NORTH HIGHLANDS,3,1,888,Residential,125000,Tue May 20  EDT 2008,3800 LYNHURST WAY
SACRAMENTO,3,2,1120,Residential,125000,Tue May 20  EDT 2008,6139 HERMOSA ST
ELVERTA,3,2,1080,Residential,126000,Tue May 20  EDT 2008,2505 RHINE WAY
NORTH HIGHLANDS,3,1,957,Residential,129000,Tue May 20  EDT 2008,3692 PAYNE WAY
SACRAMENTO,2,1,952,Residential,134000,Tue May 20  EDT 2008,604 MORRISON AVE
SACRAMENTO,3,2,1211,Residential,135000,Tue May 20  EDT 2008,648 SANTA ANA AVE
SACRAMENTO,3,2,1264,Residential,135500,Tue May 20  EDT 2008,14 ASHLEY OAKS CT
SACRAMENTO,3,1,1080,Residential,140000,Tue May 20  EDT 2008,3174 NORTHVIEW DR
GALT,3,2,1266,Residential,140000,Tue May 20  EDT 2008,840 TRANQUIL LN
FAIR OAKS,2,2,994,Condo,142500,Tue May 20  EDT 2008,5333 PRIMROSE DR Unit 19A
SACRAMENTO,3,2,1202,Residential,143500,Tue May 20  EDT 2008,1035 MILLET WAY
ELK GROVE,0,0,0,Condo,145000,Tue May 20  EDT 2008,5201 LAGUNA OAKS DR Unit 126
SACRAMENTO,2,1,722,Residential,145000,Tue May 20  EDT 2008,3328 22ND AVE
SACRAMENTO,4,2,1448,Residential,145000,Tue May 20  EDT 2008,8001 HARTWICK WAY
SACRAMENTO,3,2,1188,Residential,145000,Tue May 20  EDT 2008,7812 HARTWICK WAY
NORTH HIGHLANDS,4,2,1183,Residential,146000,Tue May 20  EDT 2008,4207 PAINTER WAY
SACRAMENTO,3,1,1320,Residential,148500,Tue May 20  EDT 2008,7458 WINKLEY WAY
SACRAMENTO,3,2,1117,Residential,149000,Tue May 20  EDT 2008,8354 SUNRISE WOODS WAY
SACRAMENTO,3,2,1364,Residential,150000,Tue May 20  EDT 2008,8116 COTTONMILL CIR
SACRAMENTO,4,2,1310,Residential,150000,Tue May 20  EDT 2008,4660 CEDARWOOD WAY
ELK GROVE,2,2,1006,Residential,152000,Tue May 20  EDT 2008,9254 HARROGATE WAY
CITRUS HEIGHTS,3,2,1104,Residential,156000,Tue May 20  EDT 2008,6716 TAREYTON WAY
SACRAMENTO,2,1,810,Residential,156000,Tue May 20  EDT 2008,2028 ROBERT WAY
ELK GROVE,2,2,1123,Residential,156000,Tue May 20  EDT 2008,9346 AIZENBERG CIR
SACRAMENTO,2,1,904,Residential,157788,Tue May 20  EDT 2008,4524 LOCH HAVEN WAY
CITRUS HEIGHTS,3,2,1156,Residential,161653,Tue May 20  EDT 2008,7140 BLUE SPRINGS WAY
SACRAMENTO,2,1,1321,Residential,161829,Tue May 20  EDT 2008,4631 11TH AVE
ANTELOPE,3,2,1392,Residential,165000,Tue May 20  EDT 2008,3228 BAGGAN CT
SACRAMENTO,3,2,1439,Residential,168000,Tue May 20  EDT 2008,8515 DARTFORD DR
SACRAMENTO,3,2,1159,Residential,169000,Tue May 20  EDT 2008,4500 TIPPWOOD WAY
RANCHO CORDOVA,3,2,1671,Residential,175000,Tue May 20  EDT 2008,2460 EL ROCCO WAY
SACRAMENTO,3,2,1740,Residential,176250,Tue May 20  EDT 2008,8244 SUNBIRD WAY
SACRAMENTO,3,2,1265,Residential,179000,Tue May 20  EDT 2008,5841 VALLEY VALE WAY
ANTELOPE,2,2,1007,Residential,180000,Tue May 20  EDT 2008,7863 CRESTLEIGH CT
ELK GROVE,3,2,1716,Residential,180400,Tue May 20  EDT 2008,7129 SPRINGMONT DR
ELK GROVE,4,2,1685,Residential,182000,Tue May 20  EDT 2008,8284 RED FOX WAY
RANCHO CORDOVA,4,2,1829,Residential,184500,Tue May 20  EDT 2008,2219 EL CANTO CIR
ELK GROVE,3,2,1555,Residential,185000,Tue May 20  EDT 2008,8907 GEMWOOD WAY
CARMICHAEL,4,2,1120,Residential,189000,Tue May 20  EDT 2008,5925 MALEVILLE AVE
CITRUS HEIGHTS,3,2,1137,Residential,194000,Tue May 20  EDT 2008,7031 CANEVALLEY CIR
SACRAMENTO,3,1,1174,Residential,195000,Tue May 20  EDT 2008,3949 WILDROSE WAY
ANTELOPE,3,2,1393,Residential,200000,Tue May 20  EDT 2008,4437 MITCHUM CT
CAMERON PARK,3,1,0,Residential,201000,Tue May 20  EDT 2008,2778 KAWEAH CT
LINCOLN,4,2,0,Residential,202500,Tue May 20  EDT 2008,1636 ALLENWOOD CIR
SACRAMENTO,3,2,1289,Residential,205000,Tue May 20  EDT 2008,8151 QUAIL RIDGE CT
SACRAMENTO,4,2,1799,Residential,205000,Tue May 20  EDT 2008,4899 WIND CREEK DR
PLACERVILLE,3,2,0,Residential,205000,Tue May 20  EDT 2008,2370 BIG CANYON CREEK RD
SACRAMENTO,4,3,1953,Residential,205000,Tue May 20  EDT 2008,6049 HAMBURG WAY
SACRAMENTO,2,1,723,Residential,207000,Tue May 20  EDT 2008,4232 71ST ST
CAMERON PARK,2,2,0,Residential,210000,Tue May 20  EDT 2008,3361 BOW MAR CT
PLACERVILLE,2,1,948,Residential,211500,Tue May 20  EDT 2008,1889 COLD SPRINGS RD
CITRUS HEIGHTS,4,2,1578,Residential,215000,Tue May 20  EDT 2008,5805 HIMALAYA WAY
CITRUS HEIGHTS,3,2,1317,Residential,215000,Tue May 20  EDT 2008,7944 SYLVAN OAK WAY
SACRAMENTO,0,0,0,Residential,215500,Tue May 20  EDT 2008,3139 SPOONWOOD WAY Unit 1
SACRAMENTO,3,1,1360,Residential,222381,Tue May 20  EDT 2008,6217 LEOLA WAY
SACRAMENTO,0,0,0,Condo,225000,Tue May 20  EDT 2008,2340 HURLEY WAY
SACRAMENTO,3,2,1522,Residential,225000,Tue May 20  EDT 2008,3035 BRUNNET LN
SACRAMENTO,4,2,1751,Residential,225000,Tue May 20  EDT 2008,3025 EL PRADO WAY
ELK GROVE,3,2,1465,Residential,225000,Tue May 20  EDT 2008,9387 GRANITE FALLS CT
SACRAMENTO,4,2,1605,Residential,228000,Tue May 20  EDT 2008,9257 CALDERA WAY
RIO LINDA,4,2,1475,Residential,229665,Tue May 20  EDT 2008,441 ARLINGDALE CIR
MEADOW VISTA,3,1,1216,Residential,230000,Tue May 20  EDT 2008,2284 LOS ROBLES RD
FAIR OAKS,2,2,1315,Residential,230000,Tue May 20  EDT 2008,8164 CHENIN BLANC LN
ELK GROVE,3,2,1567,Residential,230000,Tue May 20  EDT 2008,4620 CHAMBERLIN CIR
SACRAMENTO,3,2,1776,Residential,234000,Tue May 20  EDT 2008,5340 BIRK WAY
SACRAMENTO,3,2,2187,Residential,235000,Tue May 20  EDT 2008,51 ANJOU CIR
SACRAMENTO,3,1,1291,Residential,236250,Tue May 20  EDT 2008,2125 22ND AVE
FOLSOM,0,0,0,Condo,240000,Tue May 20  EDT 2008,611 BLOSSOM ROCK LN
ELK GROVE,0,0,0,Residential,242000,Tue May 20  EDT 2008,8830 ADUR RD
SACRAMENTO,3,2,1503,Residential,245000,Tue May 20  EDT 2008,7344 BUTTERBALL WAY
SACRAMENTO,4,3,2491,Residential,245000,Tue May 20  EDT 2008,8219 GWINHURST CIR
SACRAMENTO,2,1,1269,Residential,245000,Tue May 20  EDT 2008,3240 S ST
SACRAMENTO,0,0,0,Residential,250000,Tue May 20  EDT 2008,221 PICASSO CIR
ORANGEVALE,3,2,1176,Residential,250000,Tue May 20  EDT 2008,5706 GREENACRES WAY
ORANGEVALE,4,2,1456,Residential,250000,Tue May 20  EDT 2008,6900 LONICERA DR
ROSEVILLE,3,2,1498,Residential,250000,Tue May 20  EDT 2008,419 DAWNRIDGE RD
ANTELOPE,3,2,1574,Residential,255000,Tue May 20  EDT 2008,5312 MARBURY WAY
CITRUS HEIGHTS,5,4,2085,Multi-Family,256054,Tue May 20  EDT 2008,6344 BONHAM CIR
SACRAMENTO,3,2,2170,Residential,257729,Tue May 20  EDT 2008,8207 YORKTON WAY
ELK GROVE,4,2,1595,Residential,260000,Tue May 20  EDT 2008,7922 MANSELL WAY
ANTELOPE,3,2,1567,Residential,261000,Tue May 20  EDT 2008,5712 MELBURY CIR
LINCOLN,4,2,0,Residential,261800,Tue May 20  EDT 2008,632 NEWBRIDGE LN
SACRAMENTO,4,2,1253,Residential,264469,Tue May 20  EDT 2008,1570 GLIDDEN AVE
ANTELOPE,4,3,1768,Residential,265000,Tue May 20  EDT 2008,8108 FILIFERA WAY
SACRAMENTO,0,0,0,Residential,270000,Tue May 20  EDT 2008,230 BANKSIDE WAY
SACRAMENTO,4,3,2030,Residential,270000,Tue May 20  EDT 2008,5342 CALABRIA WAY
SACRAMENTO,3,2,1531,Residential,270000,Tue May 20  EDT 2008,47 NAPONEE CT
SACRAMENTO,0,0,0,Residential,270000,Tue May 20  EDT 2008,4236 ADRIATIC SEA WAY
ELK GROVE,4,3,1653,Residential,275000,Tue May 20  EDT 2008,8864 REMBRANT CT
ELK GROVE,4,2,2056,Residential,275000,Tue May 20  EDT 2008,9455 SEA CLIFF WAY
ELK GROVE,4,3,2494,Residential,280000,Tue May 20  EDT 2008,9720 LITTLE HARBOR WAY
FAIR OAKS,3,2,1450,Residential,286013,Tue May 20  EDT 2008,8806 PHOENIX AVE
SACRAMENTO,4,2,2169,Residential,292000,Tue May 20  EDT 2008,3578 LOGGERHEAD WAY
ROSEVILLE,3,2,1440,Residential,292000,Tue May 20  EDT 2008,1416 LOCKHART WAY
FAIR OAKS,3,2,1527,Residential,293993,Tue May 20  EDT 2008,5413 BUENA VENTURA WAY
ROSEVILLE,3,2,1401,Residential,294000,Tue May 20  EDT 2008,37 WHITE BIRCH CT
SACRAMENTO,3,2,1411,Residential,296769,Tue May 20  EDT 2008,405 MARLIN SPIKE WAY
LINCOLN,4,4,0,Residential,297500,Tue May 20  EDT 2008,1102 CHESLEY LN
GOLD RIVER,0,0,0,Condo,300000,Tue May 20  EDT 2008,11281 STANFORD COURT LN Unit 604
RIO LINDA,3,1,1284,Residential,300000,Tue May 20  EDT 2008,7320 6TH ST
GALT,4,3,2307,Residential,300000,Tue May 20  EDT 2008,993 MANTON CT
PLACERVILLE,3,2,1329,Residential,300000,Tue May 20  EDT 2008,4487 PANORAMA DR
SACRAMENTO,4,2,1910,Residential,300500,Tue May 20  EDT 2008,5651 OVERLEAF WAY
GOLD RIVER,3,2,1981,Residential,305000,Tue May 20  EDT 2008,2015 PROMONTORY POINT LN
ROSEVILLE,0,0,0,Residential,306500,Tue May 20  EDT 2008,3224 PARKHAM DR
SACRAMENTO,0,0,0,Residential,312500,Tue May 20  EDT 2008,15 VANESSA PL
LINCOLN,5,3,0,Residential,315000,Tue May 20  EDT 2008,1312 RENISON LN
SACRAMENTO,4,2,2205,Residential,319789,Tue May 20  EDT 2008,8 RIVER RAFT CT
LINCOLN,2,2,1449,Residential,330000,Tue May 20  EDT 2008,2251 LAMPLIGHT LN
FOLSOM,3,2,1258,Residential,330000,Tue May 20  EDT 2008,106 FARHAM DR
ELK GROVE,3,2,2575,Residential,331000,Tue May 20  EDT 2008,5405 NECTAR CIR
SACRAMENTO,2,1,539,Residential,334000,Tue May 20  EDT 2008,5411 10TH AVE
RANCHO CORDOVA,4,3,2208,Residential,336000,Tue May 20  EDT 2008,3512 RAINSONG CIR
SACRAMENTO,3,1,1108,Residential,339000,Tue May 20  EDT 2008,1106 55TH ST
FOLSOM,4,2,1595,Residential,339000,Tue May 20  EDT 2008,411 ILLSLEY WAY
GALT,4,2,2159,Residential,345000,Tue May 20  EDT 2008,796 BUTTERCUP CIR
PLACERVILLE,4,3,2295,Residential,350000,Tue May 20  EDT 2008,1230 SANDRA CIR
ROSEVILLE,3,2,1838,Residential,356000,Tue May 20  EDT 2008,318 ANACAPA DR
SACRAMENTO,4,2,1900,Residential,361745,Tue May 20  EDT 2008,3975 SHINING STAR DR
SACRAMENTO,4,2,1718,Residential,361948,Tue May 20  EDT 2008,1620 BASLER ST
ELK GROVE,5,3,3389,Residential,370000,Tue May 20  EDT 2008,9688 NATURE TRAIL WAY
ROCKLIN,4,2,0,Residential,380000,Tue May 20  EDT 2008,5924 TANUS CIR
ELK GROVE,5,4,3260,Residential,385000,Tue May 20  EDT 2008,9629 CEDAR OAK WAY
CAMERON PARK,3,2,2016,Residential,399000,Tue May 20  EDT 2008,3429 FERNBROOK CT
ROCKLIN,4,2,2607,Residential,402000,Tue May 20  EDT 2008,2121 HANNAH WAY
ELK GROVE,4,3,2724,Residential,406026,Tue May 20  EDT 2008,10104 ANNIE ST
GALT,5,4,3746,Residential,420000,Tue May 20  EDT 2008,1092 MAUGHAM CT
RANCHO CORDOVA,0,0,0,Residential,425000,Tue May 20  EDT 2008,5404 ALMOND FALLS WAY
RANCHO MURIETA,4,2,3192,Residential,425000,Tue May 20  EDT 2008,6306 CONEJO
SACRAMENTO,0,0,0,Residential,433500,Tue May 20  EDT 2008,14 CASA VATONI PL
LINCOLN,4,3,0,Residential,436746,Tue May 20  EDT 2008,1456 EAGLESFIELD LN
EL DORADO HILLS,5,3,0,Residential,438700,Tue May 20  EDT 2008,4100 BOTHWELL CIR
SACRAMENTO,2,1,1247,Residential,445000,Tue May 20  EDT 2008,427 21ST ST
FOLSOM,4,2,2581,Residential,450000,Tue May 20  EDT 2008,1044 GALSTON DR
SACRAMENTO,3,1,2068,Residential,460000,Tue May 20  EDT 2008,4440 SYCAMORE AVE
EL DORADO HILLS,3,2,0,Residential,460000,Tue May 20  EDT 2008,1032 SOUZA DR
ELK GROVE,4,3,3992,Residential,460000,Tue May 20  EDT 2008,9760 LAZULITE CT
SACRAMENTO,4,4,3397,Residential,465000,Tue May 20  EDT 2008,241 LANFRANCO CIR
SACRAMENTO,5,3,3881,Residential,471750,Tue May 20  EDT 2008,5559 NORTHBOROUGH DR
ROCKLIN,5,3,0,Residential,480000,Tue May 20  EDT 2008,2125 BIG SKY DR
CARMICHAEL,2,2,1598,Residential,484000,Tue May 20  EDT 2008,2109 HAMLET PL
PLACERVILLE,4,3,1929,Residential,485000,Tue May 20  EDT 2008,9970 STATE HIGHWAY 193
ELK GROVE,4,3,3070,Residential,495000,Tue May 20  EDT 2008,2901 PINTAIL WAY
ROSEVILLE,0,0,0,Residential,500500,Tue May 20  EDT 2008,201 FIRESTONE DR
AUBURN,3,3,0,Residential,504000,Tue May 20  EDT 2008,1740 HIGH ST
EL DORADO HILLS,0,0,0,Residential,541000,Tue May 20  EDT 2008,2733 DANA LOOP
WILTON,0,0,0,Residential,560000,Tue May 20  EDT 2008,9741 SADDLEBRED CT
SACRAMENTO,5,3,3984,Residential,572500,Tue May 20  EDT 2008,7756 TIGERWOODS DR
CARMICHAEL,4,2,2222,Residential,582000,Tue May 20  EDT 2008,5709 RIVER OAK WAY
ROSEVILLE,4,3,3838,Residential,613401,Tue May 20  EDT 2008,2981 WRINGER DR
ROSEVILLE,4,2,0,Residential,614000,Tue May 20  EDT 2008,8616 ROCKPORTE CT
FAIR OAKS,5,5,2846,Residential,680000,Tue May 20  EDT 2008,4128 HILL ST
SACRAMENTO,5,2,2484,Residential,699000,Tue May 20  EDT 2008,1409 47TH ST
LOOMIS,4,4,1624,Residential,839000,Tue May 20  EDT 2008,3935 EL MONTE DR
SACRAMENTO,2,1,840,Condo,40000,Mon May 19  EDT 2008,5840 WALERGA RD
SACRAMENTO,1,1,484,Condo,48000,Mon May 19  EDT 2008,923 FULTON AVE
SACRAMENTO,3,1,970,Residential,61500,Mon May 19  EDT 2008,261 REDONDO AVE
SACRAMENTO,2,1,623,Residential,62050,Mon May 19  EDT 2008,4030 BROADWAY
SACRAMENTO,2,1,932,Residential,65000,Mon May 19  EDT 2008,3660 22ND AVE
SACRAMENTO,2,1,796,Residential,65000,Mon May 19  EDT 2008,3924 HIGH ST
SACRAMENTO,2,1,834,Residential,68000,Mon May 19  EDT 2008,4734 14TH AVE
SACRAMENTO,2,1,834,Residential,68000,Mon May 19  EDT 2008,4734 14TH AVE
SACRAMENTO,2,1,924,Condo,77000,Mon May 19  EDT 2008,5050 RHODE ISLAND DR Unit 4
SACRAMENTO,2,1,795,Condo,82732,Mon May 19  EDT 2008,4513 GREENHOLME DR
SACRAMENTO,3,1,1250,Residential,84000,Mon May 19  EDT 2008,3845 ELM ST
SACRAMENTO,2,1,984,Residential,84675,Mon May 19  EDT 2008,3908 17TH AVE
SACRAMENTO,3,1,1013,Residential,85000,Mon May 19  EDT 2008,7109 CHANDLER DR
SACRAMENTO,3,1,1012,Residential,90000,Mon May 19  EDT 2008,7541 SKELTON WAY
SACRAMENTO,2,1,795,Condo,90000,Mon May 19  EDT 2008,9058 MONTOYA ST
SACRAMENTO,2,2,918,Residential,91000,Mon May 19  EDT 2008,1016 CONGRESS AVE
SACRAMENTO,3,1,1082,Residential,95000,Mon May 19  EDT 2008,540 MORRISON AVE
SACRAMENTO,2,1,964,Residential,97500,Mon May 19  EDT 2008,5303 JERRETT WAY
SACRAMENTO,4,2,1404,Multi-Family,100000,Mon May 19  EDT 2008,2820 DEL PASO BLVD
SACRAMENTO,1,1,625,Condo,100000,Mon May 19  EDT 2008,3715 TALLYHO DR Unit 78HIGH
CITRUS HEIGHTS,2,1,888,Residential,101000,Mon May 19  EDT 2008,6013 ROWAN WAY
SACRAMENTO,4,2,1120,Residential,102750,Mon May 19  EDT 2008,2987 PONDEROSA LN
NORTH HIGHLANDS,3,1,1331,Residential,112500,Mon May 19  EDT 2008,3732 LANKERSHIM WAY
SACRAMENTO,3,1,1014,Residential,113000,Mon May 19  EDT 2008,2216 DUNLAP DR
SACRAMENTO,4,2,1448,Residential,114000,Mon May 19  EDT 2008,3503 21ST AVE
SACRAMENTO,3,1,966,Residential,114000,Mon May 19  EDT 2008,523 EXCHANGE ST
SACRAMENTO,2,1,779,Residential,114750,Mon May 19  EDT 2008,8101 PORT ROYALE WAY
ANTELOPE,2,2,836,Condo,115000,Mon May 19  EDT 2008,8020 WALERGA RD
ROSEVILLE,2,2,1100,Condo,115000,Mon May 19  EDT 2008,167 VALLEY OAK DR
SACRAMENTO,3,1,1174,Residential,116100,Mon May 19  EDT 2008,7876 BURLINGTON WAY
NORTH HIGHLANDS,3,2,1207,Residential,119250,Mon May 19  EDT 2008,3726 JONKO AVE
SACRAMENTO,4,4,1995,Multi-Family,120000,Mon May 19  EDT 2008,7342 GIGI PL
SACRAMENTO,2,1,804,Residential,120000,Mon May 19  EDT 2008,2610 PHYLLIS AVE
SACRAMENTO,2,2,958,Condo,120000,Mon May 19  EDT 2008,4200 COMMERCE WAY Unit 711
SACRAMENTO,3,2,1366,Residential,120108,Mon May 19  EDT 2008,4621 COUNTRY SCENE WAY
SACRAMENTO,2,2,901,Residential,121500,Mon May 19  EDT 2008,5380 VILLAGE WOOD DR
SACRAMENTO,3,1,696,Residential,121725,Mon May 19  EDT 2008,2621 EVERGREEN ST
GALT,3,2,1080,Residential,122000,Mon May 19  EDT 2008,201 CARLO CT
SACRAMENTO,3,2,1104,Residential,123000,Mon May 19  EDT 2008,6743 21ST ST
SACRAMENTO,2,1,972,Residential,125000,Mon May 19  EDT 2008,3128 VIA GRANDE
SACRAMENTO,4,2,1390,Residential,125573,Mon May 19  EDT 2008,2847 BELGRADE WAY
ELVERTA,4,2,1354,Residential,126714,Mon May 19  EDT 2008,7741 MILLDALE CIR
SACRAMENTO,2,1,795,Condo,126960,Mon May 19  EDT 2008,9013 CASALS ST
ROSEVILLE,2,1,780,Condo,127000,Mon May 19  EDT 2008,227 MAHAN CT Unit 1
SACRAMENTO,4,2,1587,Residential,127500,Mon May 19  EDT 2008,7349 FLETCHER FARM DR
NORTH HIGHLANDS,3,2,1209,Residential,130000,Mon May 19  EDT 2008,7226 LARCHMONT DR
SACRAMENTO,2,1,1139,Residential,133105,Mon May 19  EDT 2008,4114 35TH AVE
RIO LINDA,2,2,1690,Residential,136500,Mon May 19  EDT 2008,617 M ST
CARMICHAEL,3,2,1245,Condo,139500,Mon May 19  EDT 2008,7032 FAIR OAKS BLVD
ELVERTA,3,2,1416,Residential,140000,Mon May 19  EDT 2008,2421 SANTINA WAY
SACRAMENTO,3,2,1300,Residential,140800,Mon May 19  EDT 2008,2368 CRAIG AVE
SACRAMENTO,3,2,1120,Residential,145000,Mon May 19  EDT 2008,2123 AMANDA WAY
SACRAMENTO,4,2,1590,Residential,147000,Mon May 19  EDT 2008,7620 DARLA WAY
SACRAMENTO,3,2,1407,Residential,149600,Mon May 19  EDT 2008,8344 FIELDPOPPY CIR
SACRAMENTO,5,2,1516,Residential,150000,Mon May 19  EDT 2008,3624 20TH AVE
ROSEVILLE,2,2,0,Condo,150000,Mon May 19  EDT 2008,10001 WOODCREEK OAKS BLVD Unit 1415
SACRAMENTO,3,2,1646,Residential,150000,Mon May 19  EDT 2008,2848 PROVO WAY
SACRAMENTO,3,2,1676,Residential,155000,Mon May 19  EDT 2008,6045 EHRHARDT AVE
SACRAMENTO,3,2,1370,Residential,155435,Mon May 19  EDT 2008,1223 LAMBERTON CIR
SACRAMENTO,3,2,1370,Residential,155500,Mon May 19  EDT 2008,1223 LAMBERTON CIR
CITRUS HEIGHTS,4,2,1351,Residential,158000,Mon May 19  EDT 2008,6000 BIRCHGLADE WAY
NORTH HIGHLANDS,3,2,1152,Residential,158000,Mon May 19  EDT 2008,7204 THOMAS DR
SACRAMENTO,3,2,1452,Residential,160000,Mon May 19  EDT 2008,8363 LANGTREE WAY
ROSEVILLE,2,1,990,Residential,160000,Mon May 19  EDT 2008,1675 VERNON ST Unit 8
CITRUS HEIGHTS,2,2,1162,Residential,164000,Mon May 19  EDT 2008,6632 IBEX WOODS CT
RIO LINDA,3,2,1182,Residential,164000,Mon May 19  EDT 2008,117 EVCAR WAY
ELK GROVE,2,2,1112,Residential,165000,Mon May 19  EDT 2008,6485 LAGUNA MIRAGE LN
GALT,3,2,1100,Residential,167000,Mon May 19  EDT 2008,746 MOOSE CREEK WAY
CITRUS HEIGHTS,4,2,1280,Residential,167293,Mon May 19  EDT 2008,8306 CURLEW CT
CITRUS HEIGHTS,4,2,1280,Residential,167293,Mon May 19  EDT 2008,8306 CURLEW CT
SACRAMENTO,3,1,1039,Residential,168000,Mon May 19  EDT 2008,5217 ARGO WAY
SACRAMENTO,3,2,1159,Residential,170000,Mon May 19  EDT 2008,7108 HEATHER TREE DR
SACRAMENTO,4,2,1917,Residential,170000,Mon May 19  EDT 2008,2956 DAVENPORT WAY
SACRAMENTO,3,2,1520,Residential,170000,Mon May 19  EDT 2008,10062 LINCOLN VILLAGE DR
GALT,3,2,1204,Residential,174000,Mon May 19  EDT 2008,332 PALIN AVE
SACRAMENTO,3,2,1120,Residential,178000,Mon May 19  EDT 2008,4649 FREEWAY CIR
SACRAMENTO,3,2,1436,Residential,180000,Mon May 19  EDT 2008,8593 DERLIN WAY
SACRAMENTO,3,2,1451,Residential,180000,Mon May 19  EDT 2008,9273 PREMIER WAY
SACRAMENTO,4,2,1638,Residential,180000,Mon May 19  EDT 2008,8032 DUSENBERG CT
CARMICHAEL,2,2,1000,Condo,182000,Mon May 19  EDT 2008,7110 STELLA LN Unit 15
ROSEVILLE,3,1,1152,Residential,188325,Mon May 19  EDT 2008,1786 PIEDMONT WAY
ROSEVILLE,3,2,1154,Residential,191500,Mon May 19  EDT 2008,1347 HIDALGO CIR
SACRAMENTO,3,2,1353,Residential,192000,Mon May 19  EDT 2008,212 CAPPUCINO WAY
CITRUS HEIGHTS,3,2,1329,Residential,192700,Mon May 19  EDT 2008,5938 WOODBRIAR WAY
SACRAMENTO,3,1,1356,Residential,195000,Mon May 19  EDT 2008,3801 WILDROSE WAY
SACRAMENTO,3,2,1505,Residential,197654,Mon May 19  EDT 2008,508 SAMUEL WAY
SACRAMENTO,3,1,1009,Residential,198000,Mon May 19  EDT 2008,6128 CARL SANDBURG CIR
SACRAMENTO,3,2,1144,Residential,200345,Mon May 19  EDT 2008,1 KENNELFORD CIR
SACRAMENTO,2,1,930,Residential,203000,Mon May 19  EDT 2008,909 SINGINGWOOD RD
SACRAMENTO,4,2,1766,Residential,207000,Mon May 19  EDT 2008,6671 FOXWOOD CT
SACRAMENTO,4,3,1940,Residential,208000,Mon May 19  EDT 2008,8165 AYN RAND CT
ELK GROVE,4,2,1776,Residential,210000,Mon May 19  EDT 2008,9474 VILLAGE TREE DR
CITRUS HEIGHTS,3,1,1258,Residential,212000,Mon May 19  EDT 2008,7213 CALVIN DR
SACRAMENTO,4,2,1872,Residential,213675,Mon May 19  EDT 2008,8167 DERBY PARK CT
ELK GROVE,2,2,1112,Residential,213697,Mon May 19  EDT 2008,6344 LAGUNA MIRAGE LN
SACRAMENTO,4,2,1856,Residential,215000,Mon May 19  EDT 2008,2945 RED HAWK WAY
SACRAMENTO,4,3,1939,Residential,215000,Mon May 19  EDT 2008,3228 I ST
ROSEVILLE,3,1,998,Residential,215100,Mon May 19  EDT 2008,308 ATKINSON ST
ROSEVILLE,3,2,1758,Residential,217500,Mon May 19  EDT 2008,624 HOVEY WAY
SACRAMENTO,3,2,2142,Residential,218000,Mon May 19  EDT 2008,110 COPPER LEAF WAY
SACRAMENTO,2,1,950,Residential,220000,Mon May 19  EDT 2008,7535 ALMA VISTA WAY
ELK GROVE,4,3,1739,Residential,221000,Mon May 19  EDT 2008,7423 WILSALL CT
ELK GROVE,3,2,1516,Residential,222900,Mon May 19  EDT 2008,8629 VIA ALTA WAY
ANTELOPE,3,1,988,Residential,223139,Mon May 19  EDT 2008,3318 DAVIDSON DR
GALT,4,2,1555,Residential,225500,Mon May 19  EDT 2008,913 COBDEN CT
SACRAMENTO,3,2,1212,Residential,228327,Mon May 19  EDT 2008,4419 79TH ST
SACRAMENTO,4,2,1871,Residential,230000,Mon May 19  EDT 2008,3012 SPOONWOOD WAY
SACRAMENTO,3,2,1302,Residential,230000,Mon May 19  EDT 2008,8728 CRYSTAL RIVER WAY
SACRAMENTO,2,1,756,Condo,230522,Mon May 19  EDT 2008,4709 AMBER LN Unit 1
ANTELOPE,4,3,2026,Residential,231200,Mon May 19  EDT 2008,4508 OLD DAIRY DR
SACRAMENTO,3,2,1375,Residential,232000,Mon May 19  EDT 2008,312 RIVER ISLE WAY
SACRAMENTO,2,2,1250,Condo,232500,Mon May 19  EDT 2008,301 OLIVADI WAY
SACRAMENTO,3,1,1058,Residential,233641,Mon May 19  EDT 2008,5636 25TH ST
ANTELOPE,3,2,1187,Residential,234000,Mon May 19  EDT 2008,8721 SPRUCE RIDGE WAY
SACRAMENTO,2,2,1324,Residential,234500,Mon May 19  EDT 2008,7461 WINDBRIDGE DR
SACRAMENTO,4,3,1936,Residential,235000,Mon May 19  EDT 2008,8101 LEMON COVE CT
RANCHO CORDOVA,5,4,2382,Multi-Family,236000,Mon May 19  EDT 2008,10949 SCOTSMAN WAY
FOLSOM,3,2,1427,Residential,236073,Mon May 19  EDT 2008,617 WILLOW CREEK DR
SACRAMENTO,3,2,1678,Condo,238000,Mon May 19  EDT 2008,3301 PARK DR Unit 1914
GALT,4,2,1798,Residential,238861,Mon May 19  EDT 2008,709 CIMMARON CT
ANTELOPE,4,3,2652,Residential,239700,Mon May 19  EDT 2008,3305 RIO ROCA CT
SACRAMENTO,4,2,1816,Residential,240000,Mon May 19  EDT 2008,9080 BEDROCK CT
SACRAMENTO,5,3,3076,Residential,240000,Mon May 19  EDT 2008,100 TOURMALINE CIR
ELK GROVE,4,2,1844,Residential,241000,Mon May 19  EDT 2008,6411 RED BIRCH WAY
SACRAMENTO,3,2,1306,Residential,245000,Mon May 19  EDT 2008,4867 LAGUNA DR
SACRAMENTO,4,3,2447,Residential,246000,Mon May 19  EDT 2008,3662 RIVER DR
SACRAMENTO,4,2,1176,Residential,247234,Mon May 19  EDT 2008,6943 WOLFGRAM WAY
RIO LINDA,4,2,1182,Residential,247480,Mon May 19  EDT 2008,77 RINETTI WAY
RIO LINDA,3,1,1160,Residential,249862,Mon May 19  EDT 2008,1316 I ST
SACRAMENTO,3,2,1424,Residential,251000,Mon May 19  EDT 2008,2130 CATHERWOOD WAY
ORANGEVALE,4,2,1574,Residential,252155,Mon May 19  EDT 2008,8304 JUGLANS DR
ANTELOPE,3,2,1830,Residential,254172,Mon May 19  EDT 2008,5308 MARBURY WAY
ELK GROVE,4,2,1724,Residential,258000,Mon May 19  EDT 2008,9182 LAKEMONT DR
AUBURN,2,2,1255,Condo,260000,Mon May 19  EDT 2008,2231 COUNTRY VILLA CT
ELK GROVE,0,0,0,Residential,261000,Mon May 19  EDT 2008,8491 CRYSTAL WALK CIR
SACRAMENTO,4,3,2175,Residential,261000,Mon May 19  EDT 2008,361 MAHONIA CIR
SACRAMENTO,4,2,1904,Residential,261000,Mon May 19  EDT 2008,3427 LA CADENA WAY
EL DORADO HILLS,4,2,1808,Residential,262500,Mon May 19  EDT 2008,955 BIG SUR CT
RANCHO CORDOVA,4,2,2711,Residential,266000,Mon May 19  EDT 2008,11826 DIONYSUS WAY
CARMICHAEL,3,1,1713,Residential,266000,Mon May 19  EDT 2008,5847 DEL CAMPO LN
ELK GROVE,3,2,1457,Residential,270000,Mon May 19  EDT 2008,5635 FOXVIEW WAY
ELK GROVE,4,3,2724,Residential,274425,Mon May 19  EDT 2008,10372 VIA CINTA CT
ROCKLIN,0,0,0,Residential,274500,Mon May 19  EDT 2008,6286 LONETREE BLVD
SACRAMENTO,3,2,1468,Residential,275336,Mon May 19  EDT 2008,7744 SOUTHBREEZE DR
SACRAMENTO,4,3,2550,Residential,277980,Mon May 19  EDT 2008,2242 ABLE WAY
GALT,4,2,1928,Residential,280000,Mon May 19  EDT 2008,1042 STARBROOK DR
SACRAMENTO,3,3,1922,Residential,284686,Mon May 19  EDT 2008,1219 G ST
CITRUS HEIGHTS,3,2,1343,Residential,284893,Mon May 19  EDT 2008,6220 OPUS CT
ROCKLIN,3,2,1510,Residential,285000,Mon May 19  EDT 2008,5419 HAVENHURST CIR
AUBURN,2,2,960,Multi-Family,285000,Mon May 19  EDT 2008,220 OLD AIRPORT RD
CARMICHAEL,4,2,1559,Residential,285000,Mon May 19  EDT 2008,4622 MEYER WAY
EL DORADO,3,2,1624,Residential,289000,Mon May 19  EDT 2008,4885 SUMMIT VIEW DR
SACRAMENTO,5,3,2992,Residential,295000,Mon May 19  EDT 2008,26 JEANROSS CT
ELK GROVE,4,2,2109,Residential,296000,Mon May 19  EDT 2008,4800 MAPLEPLAIN AVE
RANCHO CORDOVA,4,2,1524,Residential,296056,Mon May 19  EDT 2008,10629 BASIE WAY
SACRAMENTO,3,2,1248,Residential,297359,Mon May 19  EDT 2008,8612 WILLOW GROVE WAY
SACRAMENTO,4,2,1876,Residential,299940,Mon May 19  EDT 2008,62 DE FER CIR
LINCOLN,5,3,0,Residential,304000,Mon May 19  EDT 2008,2513 OLD KENMARE RD
RANCHO CORDOVA,4,3,1851,Residential,305000,Mon May 19  EDT 2008,3253 ABOTO WAY
ROSEVILLE,0,0,0,Residential,307000,Mon May 19  EDT 2008,3072 VILLAGE PLAZA DR
SACRAMENTO,4,2,2218,Residential,311328,Mon May 19  EDT 2008,251 CHANGO CIR
SACRAMENTO,3,2,1394,Residential,313138,Mon May 19  EDT 2008,8205 WEYBURN CT
SACRAMENTO,3,2,1410,Residential,316630,Mon May 19  EDT 2008,8788 LA MARGARITA WAY
ELK GROVE,5,3,3468,Residential,320000,Mon May 19  EDT 2008,5912 DEEPDALE WAY
ANTELOPE,5,3,2346,Residential,320000,Mon May 19  EDT 2008,4712 PISMO BEACH DR
ANTELOPE,5,3,2347,Residential,325000,Mon May 19  EDT 2008,4741 PACIFIC PARK DR
SACRAMENTO,4,2,1659,Residential,328578,Mon May 19  EDT 2008,310 GROTH CIR
ELK GROVE,3,3,2442,Residential,331000,Mon May 19  EDT 2008,6121 WILD FOX CT
RANCHO CORDOVA,0,0,0,Residential,331500,Mon May 19  EDT 2008,12241 CANYONLANDS DR
SACRAMENTO,4,2,2155,Residential,340000,Mon May 19  EDT 2008,29 COOL FOUNTAIN CT
SACRAMENTO,0,0,0,Residential,344755,Mon May 19  EDT 2008,907 RIO ROBLES AVE
SACRAMENTO,3,2,1810,Residential,345746,Mon May 19  EDT 2008,8909 BILLFISH WAY
ELK GROVE,4,2,2789,Residential,351000,Mon May 19  EDT 2008,6232 GUS WAY
GALT,4,2,1606,Residential,353767,Mon May 19  EDT 2008,200 OAKWILDE ST
GALT,0,0,0,Residential,355000,Mon May 19  EDT 2008,1033 PARK STREAM DR
SACRAMENTO,4,2,2166,Residential,356035,Mon May 19  EDT 2008,200 ALLAIRE CIR
SACRAMENTO,0,0,0,Condo,360000,Mon May 19  EDT 2008,1322 SUTTER WALK
SACRAMENTO,4,2,1871,Residential,360552,Mon May 19  EDT 2008,5479 NICKMAN WAY
SACRAMENTO,3,2,1800,Residential,362305,Mon May 19  EDT 2008,2103 BURBERRY WAY
SACRAMENTO,3,1,1683,Residential,365000,Mon May 19  EDT 2008,2450 SAN JOSE WAY
ROSEVILLE,3,2,0,Residential,367554,Mon May 19  EDT 2008,7641 ROSEHALL DR
ROSEVILLE,0,0,0,Residential,368500,Mon May 19  EDT 2008,1336 LAYSAN TEAL DR
ROCKLIN,2,2,1596,Residential,370000,Mon May 19  EDT 2008,2802 BLACK OAK DR
PLACERVILLE,4,2,0,Residential,371086,Mon May 19  EDT 2008,2113 FALL TRAIL CT
ELK GROVE,3,2,1179,Residential,378000,Mon May 19  EDT 2008,10112 LAMBEAU CT
ELK GROVE,0,0,0,Residential,383000,Mon May 19  EDT 2008,6313 CASTRO VERDE WAY
SACRAMENTO,3,1,1639,Residential,388000,Mon May 19  EDT 2008,3622 CURTIS DR
RANCHO CORDOVA,5,3,3281,Residential,395100,Mon May 19  EDT 2008,11817 OPAL RIDGE WAY
SACRAMENTO,3,2,1697,Residential,400000,Mon May 19  EDT 2008,170 LAGOMARSINO WAY
EL DORADO HILLS,3,2,0,Residential,400000,Mon May 19  EDT 2008,2743 DEAKIN PL
ANTELOPE,4,3,2085,Residential,408431,Mon May 19  EDT 2008,3361 ALDER CANYON WAY
ROCKLIN,0,0,0,Residential,413000,Mon May 19  EDT 2008,2148 RANCH VIEW DR
SACRAMENTO,4,2,1744,Multi-Family,416767,Mon May 19  EDT 2008,398 LINDLEY DR
EL DORADO HILLS,4,3,0,Residential,420000,Mon May 19  EDT 2008,3013 BRIDLEWOOD DR
FOLSOM,4,3,1939,Residential,423000,Mon May 19  EDT 2008,169 BAURER CIR
CAMERON PARK,4,2,0,Residential,423000,Mon May 19  EDT 2008,2809 LOON CT
SACRAMENTO,2,3,1788,Residential,427500,Mon May 19  EDT 2008,1315 KONDOS AVE
ROCKLIN,3,2,1691,Residential,430922,Mon May 19  EDT 2008,4966 CHARTER RD
ELK GROVE,4,2,2002,Residential,445000,Mon May 19  EDT 2008,9516 LAGUNA LAKE WAY
ELK GROVE,4,4,4303,Residential,450000,Mon May 19  EDT 2008,5201 BLOSSOM RANCH DR
SACRAMENTO,5,3,4246,Residential,452000,Mon May 19  EDT 2008,3027 PALMATE WAY
ROSEVILLE,3,2,2274,Residential,470000,Mon May 19  EDT 2008,500 WINCHESTER CT
EL DORADO HILLS,4,3,0,Residential,471000,Mon May 19  EDT 2008,5746 GELSTON WAY
ORANGEVALE,4,4,3056,Residential,475000,Mon May 19  EDT 2008,6935 ELM TREE LN
ELK GROVE,3,3,2503,Residential,484500,Mon May 19  EDT 2008,9605 GOLF COURSE LN
EL DORADO HILLS,5,3,0,Residential,487500,Mon May 19  EDT 2008,719 BAYWOOD CT
ROCKLIN,3,3,0,Residential,488750,Mon May 19  EDT 2008,5954 TANUS CIR
FOLSOM,3,2,1905,Residential,500000,Mon May 19  EDT 2008,100 CHELSEA CT
PENRYN,3,2,1320,Residential,506688,Mon May 19  EDT 2008,1500 ORANGE HILL LN
LINCOLN,2,2,0,Residential,512000,Mon May 19  EDT 2008,408 KIRKWOOD CT
ROSEVILLE,5,3,0,Residential,520000,Mon May 19  EDT 2008,1732 TUSCAN GROVE CIR
GOLD RIVER,4,2,3037,Residential,528000,Mon May 19  EDT 2008,2049 EMPIRE MINE CIR
WILTON,5,2,3741,Residential,579093,Mon May 19  EDT 2008,9360 MAGOS RD
FOLSOM,4,3,2660,Residential,636000,Mon May 19  EDT 2008,104 CATLIN CT
CARMICHAEL,4,3,3357,Residential,668365,Mon May 19  EDT 2008,4734 GIBBONS DR
GRANITE BAY,5,3,2896,Residential,676200,Mon May 19  EDT 2008,4629 DORCHESTER LN
PLACERVILLE,3,2,2025,Residential,677048,Mon May 19  EDT 2008,2400 COUNTRYSIDE DR
WILTON,5,3,3788,Residential,691659,Mon May 19  EDT 2008,12901 FURLONG DR
GRANITE BAY,5,3,3670,Residential,760000,Mon May 19  EDT 2008,6222 CALLE MONTALVO CIR
LINCOLN,0,0,0,Residential,4897,Mon May 19  EDT 2008,20 CRYSTALWOOD CIR
LINCOLN,0,0,0,Residential,4897,Mon May 19  EDT 2008,24 CRYSTALWOOD CIR
LINCOLN,0,0,0,Residential,4897,Mon May 19  EDT 2008,28 CRYSTALWOOD CIR
LINCOLN,0,0,0,Residential,4897,Mon May 19  EDT 2008,32 CRYSTALWOOD CIR
LINCOLN,0,0,0,Residential,4897,Mon May 19  EDT 2008,36 CRYSTALWOOD CIR
LINCOLN,0,0,0,Residential,4897,Mon May 19  EDT 2008,40 CRYSTALWOOD CIR
LINCOLN,0,0,0,Residential,4897,Mon May 19  EDT 2008,44 CRYSTALWOOD CIR
LINCOLN,0,0,0,Residential,4897,Mon May 19  EDT 2008,48 CRYSTALWOOD CIR
LINCOLN,0,0,0,Residential,4897,Mon May 19  EDT 2008,52 CRYSTALWOOD CIR
LINCOLN,0,0,0,Residential,4897,Mon May 19  EDT 2008,68 CRYSTALWOOD CIR
LINCOLN,0,0,0,Residential,4897,Mon May 19  EDT 2008,72 CRYSTALWOOD CIR
LINCOLN,0,0,0,Residential,4897,Mon May 19  EDT 2008,76 CRYSTALWOOD CIR
LINCOLN,0,0,0,Residential,4897,Mon May 19  EDT 2008,80 CRYSTALWOOD CIR
LINCOLN,0,0,0,Residential,4897,Mon May 19  EDT 2008,84 CRYSTALWOOD CIR
LINCOLN,0,0,0,Residential,4897,Mon May 19  EDT 2008,88 CRYSTALWOOD CIR
LINCOLN,0,0,0,Residential,4897,Mon May 19  EDT 2008,92 CRYSTALWOOD CIR
LINCOLN,0,0,0,Residential,4897,Mon May 19  EDT 2008,96 CRYSTALWOOD CIR
LINCOLN,0,0,0,Residential,4897,Mon May 19  EDT 2008,100 CRYSTALWOOD CIR
LINCOLN,0,0,0,Residential,4897,Mon May 19  EDT 2008,434 1ST ST
LINCOLN,0,0,0,Residential,4897,Mon May 19  EDT 2008,3 E ST
LINCOLN,0,0,0,Residential,4897,Mon May 19  EDT 2008,11 E ST
LINCOLN,0,0,0,Residential,4897,Mon May 19  EDT 2008,19 E ST
LINCOLN,0,0,0,Residential,4897,Mon May 19  EDT 2008,27 E ST
LINCOLN,0,0,0,Residential,4897,Mon May 19  EDT 2008,35 E ST
LINCOLN,0,0,0,Residential,4897,Mon May 19  EDT 2008,43 E ST
LINCOLN,4,2,0,Residential,4897,Mon May 19  EDT 2008,51 E ST
LINCOLN,3,2,0,Residential,4897,Mon May 19  EDT 2008,59 E ST
LINCOLN,3,2,0,Residential,4897,Mon May 19  EDT 2008,75 E ST
LINCOLN,0,0,0,Residential,4897,Mon May 19  EDT 2008,63 CRYSTALWOOD CIR
LINCOLN,0,0,0,Residential,4897,Mon May 19  EDT 2008,398 1ST ST
LINCOLN,0,0,0,Residential,4897,Mon May 19  EDT 2008,386 1ST ST
LINCOLN,0,0,0,Residential,4897,Mon May 19  EDT 2008,374 1ST ST
LINCOLN,0,0,0,Residential,4897,Mon May 19  EDT 2008,116 CRYSTALWOOD WAY
LINCOLN,0,0,0,Residential,4897,Mon May 19  EDT 2008,108 CRYSTALWOOD WAY
LINCOLN,0,0,0,Residential,4897,Mon May 19  EDT 2008,100 CRYSTALWOOD WAY
LINCOLN,0,0,0,Residential,4897,Mon May 19  EDT 2008,55 CRYSTALWOOD CIR
LINCOLN,0,0,0,Residential,4897,Mon May 19  EDT 2008,51 CRYSTALWOOD CIR
LINCOLN,0,0,0,Residential,4897,Mon May 19  EDT 2008,47 CRYSTALWOOD CIR
LINCOLN,0,0,0,Residential,4897,Mon May 19  EDT 2008,43 CRYSTALWOOD CIR
LINCOLN,0,0,0,Residential,4897,Mon May 19  EDT 2008,39 CRYSTALWOOD CIR
LINCOLN,0,0,0,Residential,4897,Mon May 19  EDT 2008,35 CRYSTALWOOD CIR
LINCOLN,0,0,0,Residential,4897,Mon May 19  EDT 2008,31 CRYSTALWOOD CIR
LINCOLN,0,0,0,Residential,4897,Mon May 19  EDT 2008,27 CRYSTALWOOD CIR
LINCOLN,0,0,0,Residential,4897,Mon May 19  EDT 2008,23 CRYSTALWOOD CIR
LINCOLN,0,0,0,Residential,4897,Mon May 19  EDT 2008,19 CRYSTALWOOD CIR
LINCOLN,0,0,0,Residential,4897,Mon May 19  EDT 2008,15 CRYSTALWOOD CIR
LINCOLN,0,0,0,Residential,4897,Mon May 19  EDT 2008,7 CRYSTALWOOD CIR
LINCOLN,0,0,0,Residential,4897,Mon May 19  EDT 2008,7 CRYSTALWOOD CIR
LINCOLN,0,0,0,Residential,4897,Mon May 19  EDT 2008,3 CRYSTALWOOD CIR
CITRUS HEIGHTS,3,2,1166,Residential,30000,Fri May 16  EDT 2008,8208 WOODYARD WAY
RIO LINDA,0,0,0,Residential,30000,Fri May 16  EDT 2008,113 RINETTI WAY
SACRAMENTO,2,1,838,Residential,55422,Fri May 16  EDT 2008,15 LOORZ CT
NORTH HIGHLANDS,2,1,904,Residential,63000,Fri May 16  EDT 2008,5805 DOTMAR WAY
SACRAMENTO,2,1,1032,Residential,65000,Fri May 16  EDT 2008,2332 CAMBRIDGE ST
SACRAMENTO,2,1,904,Residential,65000,Fri May 16  EDT 2008,3812 BELDEN ST
SACRAMENTO,2,1,1080,Residential,65000,Fri May 16  EDT 2008,3348 40TH ST
SACRAMENTO,2,2,990,Residential,66500,Fri May 16  EDT 2008,127 QUASAR CIR
SACRAMENTO,2,1,900,Residential,71000,Fri May 16  EDT 2008,3812 CYPRESS ST
SACRAMENTO,2,1,861,Residential,75000,Fri May 16  EDT 2008,5821 64TH ST
SACRAMENTO,2,1,906,Condo,77000,Fri May 16  EDT 2008,8248 CENTER PKWY
SACRAMENTO,2,1,1011,Residential,85000,Fri May 16  EDT 2008,1171 SONOMA AVE
SACRAMENTO,3,2,1089,Residential,95625,Fri May 16  EDT 2008,4250 ARDWELL WAY
SACRAMENTO,2,1,832,Residential,96140,Fri May 16  EDT 2008,3104 CLAY ST
SACRAMENTO,2,1,800,Condo,104250,Fri May 16  EDT 2008,6063 LAND PARK DR
SACRAMENTO,4,2,1292,Residential,105000,Fri May 16  EDT 2008,4738 OAKHOLLOW DR
SACRAMENTO,2,1,810,Residential,108000,Fri May 16  EDT 2008,1401 STERLING ST
SACRAMENTO,4,2,1064,Residential,109000,Fri May 16  EDT 2008,3715 DIDCOT CIR
RANCHO CORDOVA,2,1,911,Residential,115000,Fri May 16  EDT 2008,2426 RASHAWN DR
SACRAMENTO,1,1,846,Condo,115000,Fri May 16  EDT 2008,4800 WESTLAKE PKWY Unit 410
SACRAMENTO,3,2,1320,Residential,115500,Fri May 16  EDT 2008,3409 VIRGO ST
SACRAMENTO,3,2,1410,Residential,115620,Fri May 16  EDT 2008,1110 PINEDALE AVE
RANCHO CORDOVA,3,2,1115,Residential,116000,Fri May 16  EDT 2008,2361 LA LOMA DR
SACRAMENTO,3,2,1169,Residential,122000,Fri May 16  EDT 2008,1455 64TH AVE
SACRAMENTO,3,2,1164,Residential,122500,Fri May 16  EDT 2008,7328 SPRINGMAN ST
SACRAMENTO,4,2,1341,Residential,123000,Fri May 16  EDT 2008,119 SAINT MARIE CIR
SACRAMENTO,3,2,1219,Residential,124000,Fri May 16  EDT 2008,12 COSTA BRASE CT
SACRAMENTO,4,2,1127,Residential,124000,Fri May 16  EDT 2008,6813 SCOTER WAY
NORTH HIGHLANDS,3,2,1272,Residential,124413,Fri May 16  EDT 2008,6548 GRAYLOCK LN
SACRAMENTO,4,2,1253,Residential,125000,Fri May 16  EDT 2008,1630 GLIDDEN AVE
SACRAMENTO,3,2,1120,Residential,130000,Fri May 16  EDT 2008,7825 DALEWOODS WAY
NORTH HIGHLANDS,2,2,1118,Residential,131750,Fri May 16  EDT 2008,4073 TRESLER AVE
SACRAMENTO,4,3,1890,Residential,137721,Fri May 16  EDT 2008,4288 DYMIC WAY
SACRAMENTO,3,2,1260,Residential,137760,Fri May 16  EDT 2008,1158 SAN IGNACIO WAY
SACRAMENTO,3,2,1400,Residential,138000,Fri May 16  EDT 2008,4904 J PKWY
SACRAMENTO,3,1,1264,Residential,140000,Fri May 16  EDT 2008,2931 HOWE AVE
SACRAMENTO,3,1,1060,Residential,145000,Fri May 16  EDT 2008,5531 JANSEN DR
SACRAMENTO,2,2,1132,Residential,145000,Fri May 16  EDT 2008,7836 ORCHARD WOODS CIR
SACRAMENTO,3,2,1466,Residential,150000,Fri May 16  EDT 2008,4055 DEERBROOK DR
SACRAMENTO,3,2,1092,Residential,150000,Fri May 16  EDT 2008,9937 BURLINE ST
SACRAMENTO,4,2,1628,Residential,151000,Fri May 16  EDT 2008,6948 MIRADOR WAY
SACRAMENTO,3,2,960,Residential,155000,Fri May 16  EDT 2008,4909 RUGER CT
CITRUS HEIGHTS,3,2,1075,Residential,155800,Fri May 16  EDT 2008,7204 KERSTEN ST
SACRAMENTO,3,2,1428,Residential,156142,Fri May 16  EDT 2008,3150 ROSEMONT DR
SACRAMENTO,4,2,1358,Residential,158000,Fri May 16  EDT 2008,8200 STEINBECK WAY
SACRAMENTO,6,4,2475,Multi-Family,159900,Fri May 16  EDT 2008,8198 STEVENSON AVE
CITRUS HEIGHTS,3,2,1410,Residential,160000,Fri May 16  EDT 2008,6824 OLIVE TREE WAY
ANTELOPE,3,2,1711,Residential,161500,Fri May 16  EDT 2008,3536 SUN MAIDEN WAY
SACRAMENTO,4,2,1483,Residential,161600,Fri May 16  EDT 2008,4517 OLYMPIAD WAY
GALT,3,2,1140,Residential,162000,Fri May 16  EDT 2008,925 COBDEN CT
SACRAMENTO,4,2,1549,Residential,165000,Fri May 16  EDT 2008,8225 SCOTTSDALE DR
SACRAMENTO,3,2,1410,Residential,165000,Fri May 16  EDT 2008,8758 LEMAS RD
ELK GROVE,3,2,1240,Residential,167293,Fri May 16  EDT 2008,6121 ALPINESPRING WAY
SACRAMENTO,5,2,1712,Residential,168000,Fri May 16  EDT 2008,5937 YORK GLEN WAY
SACRAMENTO,4,2,1580,Residential,168000,Fri May 16  EDT 2008,6417 SUNNYFIELD WAY
ANTELOPE,3,2,1669,Residential,168750,Fri May 16  EDT 2008,4008 GREY LIVERY WAY
SACRAMENTO,3,1,1029,Residential,168750,Fri May 16  EDT 2008,8920 ROSETTA CIR
CITRUS HEIGHTS,3,1,1103,Residential,170000,Fri May 16  EDT 2008,8300 LICHEN DR
SACRAMENTO,3,2,2161,Residential,170250,Fri May 16  EDT 2008,8884 AMBERJACK WAY
SACRAMENTO,3,2,1650,Residential,173000,Fri May 16  EDT 2008,4480 VALLEY HI DR
POLLOCK PINES,3,1,1320,Residential,175000,Fri May 16  EDT 2008,2250 FOREBAY RD
SACRAMENTO,3,2,1200,Residential,176095,Fri May 16  EDT 2008,3529 FABERGE WAY
SACRAMENTO,3,2,1170,Residential,176250,Fri May 16  EDT 2008,1792 DAWNELLE WAY
CITRUS HEIGHTS,3,2,1199,Residential,178000,Fri May 16  EDT 2008,7800 TABARE CT
SACRAMENTO,4,2,1695,Residential,179000,Fri May 16  EDT 2008,8531 HERMITAGE WAY
RANCHO CORDOVA,3,2,1157,Residential,180000,Fri May 16  EDT 2008,2421 BERRYWOOD DR
SACRAMENTO,3,2,1410,Residential,180000,Fri May 16  EDT 2008,1005 MORENO WAY
ROSEVILLE,3,2,1174,Residential,180000,Fri May 16  EDT 2008,1675 VERNON ST Unit 24
SACRAMENTO,3,2,1593,Residential,181000,Fri May 16  EDT 2008,24 WINDCHIME CT
RIO LINDA,3,2,1093,Residential,182000,Fri May 16  EDT 2008,540 HARLING CT
ROSEVILLE,3,2,1770,Residential,182587,Fri May 16  EDT 2008,1207 CRESCENDO DR
SACRAMENTO,4,2,1436,Residential,185074,Fri May 16  EDT 2008,7577 EDDYLEE WAY
SACRAMENTO,3,2,1124,Residential,185833,Fri May 16  EDT 2008,8369 FOPPIANO WAY
SACRAMENTO,4,2,1139,Residential,186785,Fri May 16  EDT 2008,8817 SAWTELLE WAY
SACRAMENTO,3,2,1638,Residential,187000,Fri May 16  EDT 2008,1910 BONAVISTA WAY
SACRAMENTO,3,2,1328,Residential,188335,Fri May 16  EDT 2008,8 TIDE CT
ELK GROVE,3,2,1273,Residential,190000,Fri May 16  EDT 2008,8952 ROCKY CREEK CT
SACRAMENTO,3,1,1082,Residential,190000,Fri May 16  EDT 2008,435 EXCHANGE ST
SACRAMENTO,4,2,1578,Residential,190000,Fri May 16  EDT 2008,10105 MONTE VALLO CT
ROSEVILLE,2,1,796,Residential,190000,Fri May 16  EDT 2008,3930 ANNABELLE AVE
SACRAMENTO,3,2,1386,Residential,191250,Fri May 16  EDT 2008,4854 TANGERINE AVE
RANCHO CORDOVA,3,2,1452,Residential,193000,Fri May 16  EDT 2008,2909 SHAWN WAY
SACRAMENTO,3,2,1513,Residential,193500,Fri May 16  EDT 2008,4290 BLACKFORD WAY
FORESTHILL,0,0,0,Residential,194818,Fri May 16  EDT 2008,5890 TT TRAK
SACRAMENTO,4,2,1578,Residential,195000,Fri May 16  EDT 2008,7015 WOODSIDE DR
CITRUS HEIGHTS,4,3,1736,Residential,195000,Fri May 16  EDT 2008,6019 CHESHIRE WAY
CAMERON PARK,2,2,0,Residential,195000,Fri May 16  EDT 2008,3330 VILLAGE CT
SACRAMENTO,3,1,1473,Residential,195000,Fri May 16  EDT 2008,2561 VERNA WAY
SACRAMENTO,3,1,1150,Residential,198000,Fri May 16  EDT 2008,3522 22ND AVE
SACRAMENTO,3,2,1127,Residential,199900,Fri May 16  EDT 2008,2880 CANDIDO DR
FAIR OAKS,3,1,1144,Residential,200000,Fri May 16  EDT 2008,6908 PIN OAK CT
CARMICHAEL,3,1,972,Residential,201000,Fri May 16  EDT 2008,5733 ANGELINA AVE
ELK GROVE,4,2,2306,Residential,204918,Fri May 16  EDT 2008,7849 BONNY DOWNS WAY
ANTELOPE,3,2,1479,Residential,205000,Fri May 16  EDT 2008,8716 LONGSPUR WAY
EL DORADO,2,1,1040,Residential,205000,Fri May 16  EDT 2008,6320 EL DORADO ST
SACRAMENTO,3,2,1430,Residential,205878,Fri May 16  EDT 2008,2328 DOROTHY JUNE WAY
SACRAMENTO,4,2,1800,Residential,207000,Fri May 16  EDT 2008,1986 DANVERS WAY
ANTELOPE,4,2,1953,Residential,207744,Fri May 16  EDT 2008,7901 GAZELLE TRAIL WAY
SACRAMENTO,3,2,1120,Residential,209000,Fri May 16  EDT 2008,6080 BRIDGECROSS DR
SACRAMENTO,3,2,1232,Residential,210000,Fri May 16  EDT 2008,20 GROTH CIR
SACRAMENTO,1,1,984,Condo,210944,Fri May 16  EDT 2008,1900 DANBROOK DR
ROSEVILLE,3,2,0,Condo,212500,Fri May 16  EDT 2008,140 VENTO CT
ELK GROVE,4,2,2329,Residential,213750,Fri May 16  EDT 2008,8442 KEUSMAN ST
ELK GROVE,3,2,1351,Residential,215000,Fri May 16  EDT 2008,9552 SUNLIGHT LN
CAMERON PARK,2,2,0,Residential,215000,Fri May 16  EDT 2008,2733 YUMA CT
ROSEVILLE,4,1,1376,Residential,215000,Fri May 16  EDT 2008,1407 TIFFANY CIR
DIAMOND SPRINGS,3,2,1300,Residential,216033,Fri May 16  EDT 2008,636 CRESTVIEW DR
SACRAMENTO,4,2,1566,Residential,220000,Fri May 16  EDT 2008,1528 HESKET WAY
SACRAMENTO,2,1,1115,Residential,220000,Fri May 16  EDT 2008,2327 32ND ST
SACRAMENTO,2,1,1032,Residential,220000,Fri May 16  EDT 2008,1833 2ND AVE
CITRUS HEIGHTS,4,2,1419,Residential,220000,Fri May 16  EDT 2008,7252 CARRIAGE DR
ELK GROVE,3,2,1261,Residential,220000,Fri May 16  EDT 2008,9815 PASO FINO WAY
CARMICHAEL,2,2,1637,Residential,220702,Fri May 16  EDT 2008,5532 ENGLE RD
SACRAMENTO,4,2,1776,Multi-Family,221250,Fri May 16  EDT 2008,1139 CLINTON RD
ELK GROVE,3,2,1338,Residential,222000,Fri May 16  EDT 2008,9176 SAGE GLEN WAY
ELK GROVE,0,0,0,Residential,222500,Fri May 16  EDT 2008,9967 HATHERTON WAY
ELK GROVE,5,2,2254,Residential,222750,Fri May 16  EDT 2008,9264 BOULDER RIVER WAY
SACRAMENTO,3,2,1441,Residential,225000,Fri May 16  EDT 2008,320 GROTH CIR
SACRAMENTO,4,2,1991,Residential,225000,Fri May 16  EDT 2008,137 GUNNISON AVE
SACRAMENTO,4,3,2126,Residential,228750,Fri May 16  EDT 2008,8209 RIVALLO WAY
ELK GROVE,3,2,1094,Residential,229000,Fri May 16  EDT 2008,8637 PERIWINKLE CIR
ROCKLIN,3,2,1462,Residential,230095,Fri May 16  EDT 2008,3425 MEADOW WAY
SACRAMENTO,5,3,2258,Residential,232500,Fri May 16  EDT 2008,107 JARVIS CIR
RANCHO CORDOVA,3,2,1074,Residential,233000,Fri May 16  EDT 2008,2319 THORES ST
ELK GROVE,4,2,2111,Residential,233500,Fri May 16  EDT 2008,8935 MOUNTAIN HOME CT
SACRAMENTO,3,2,1686,Residential,239000,Fri May 16  EDT 2008,2566 SERENATA WAY
ANTELOPE,4,3,1915,Residential,240000,Fri May 16  EDT 2008,4085 COUNTRY DR
ELK GROVE,4,2,2367,Residential,240000,Fri May 16  EDT 2008,9297 TROUT WAY
SACRAMENTO,3,2,1962,Residential,240971,Fri May 16  EDT 2008,7 ARCHIBALD CT
RANCHO CORDOVA,2,2,1406,Residential,242000,Fri May 16  EDT 2008,11130 EEL RIVER CT
SACRAMENTO,3,2,1789,Residential,243450,Fri May 16  EDT 2008,8323 REDBANK WAY
SACRAMENTO,4,2,1876,Residential,243500,Fri May 16  EDT 2008,16 BRONCO CREEK CT
ANTELOPE,3,2,1235,Residential,246544,Fri May 16  EDT 2008,8316 NORTHAM DR
ANTELOPE,4,2,2504,Residential,246750,Fri May 16  EDT 2008,4240 WINJE DR
SACRAMENTO,0,0,0,Residential,247000,Fri May 16  EDT 2008,3569 SODA WAY
CARMICHAEL,3,2,1676,Residential,247000,Fri May 16  EDT 2008,5118 ROBANDER ST
CITRUS HEIGHTS,3,2,1367,Residential,249000,Fri May 16  EDT 2008,5976 KYLENCH CT
ELK GROVE,4,3,1899,Residential,249000,Fri May 16  EDT 2008,9247 DELAIR WAY
ELK GROVE,3,2,1636,Residential,250000,Fri May 16  EDT 2008,9054 DESCENDANT DR
SACRAMENTO,3,2,1828,Residential,250000,Fri May 16  EDT 2008,3450 WHITNOR CT
ROCKLIN,0,0,0,Residential,250000,Fri May 16  EDT 2008,6288 LONETREE BLVD
SACRAMENTO,4,2,1438,Residential,252000,Fri May 16  EDT 2008,9355 MATADOR WAY
ELK GROVE,3,2,1451,Residential,255000,Fri May 16  EDT 2008,8671 SUMMER SUN WAY
SACRAMENTO,3,1,1520,Residential,255000,Fri May 16  EDT 2008,1890 GENEVA PL
ROSEVILLE,3,2,1506,Residential,255000,Fri May 16  EDT 2008,1813 AVENIDA MARTINA
SACRAMENTO,4,2,2605,Residential,257200,Fri May 16  EDT 2008,191 BARNHART CIR
ORANGEVALE,3,2,1196,Residential,260000,Fri May 16  EDT 2008,6221 GREEN TOP WAY
LINCOLN,3,2,1621,Residential,260000,Fri May 16  EDT 2008,2298 PRIMROSE LN
SACRAMENTO,3,2,1811,Residential,263500,Fri May 16  EDT 2008,5635 LOS PUEBLOS WAY
ELK GROVE,3,2,1540,Residential,266510,Fri May 16  EDT 2008,10165 LOFTON WAY
LINCOLN,4,2,0,Residential,267750,Fri May 16  EDT 2008,1251 GREEN RAVINE DR
PLACERVILLE,0,0,0,Residential,270000,Fri May 16  EDT 2008,6001 SHOO FLY RD
ROSEVILLE,0,0,0,Residential,271000,Fri May 16  EDT 2008,3040 PARKHAM DR
EL DORADO HILLS,4,2,0,Residential,272700,Fri May 16  EDT 2008,2674 TAM O SHANTER DR
SHINGLE SPRINGS,0,0,0,Unkown,275000,Fri May 16  EDT 2008,6007 MARYBELLE LN
ELK GROVE,3,2,1543,Residential,275000,Fri May 16  EDT 2008,9949 NESTLING CIR
SACRAMENTO,5,3,2494,Residential,276000,Fri May 16  EDT 2008,2915 HOLDREGE WAY
LINCOLN,3,2,1650,Residential,276500,Fri May 16  EDT 2008,2678 BRIARTON DR
GALT,4,3,2214,Residential,278000,Fri May 16  EDT 2008,294 SPARROW DR
SACRAMENTO,5,3,2280,Residential,279000,Fri May 16  EDT 2008,2987 DIORITE WAY
CARMICHAEL,3,2,1443,Residential,280000,Fri May 16  EDT 2008,6326 APPIAN WAY
CITRUS HEIGHTS,4,2,1582,Residential,280000,Fri May 16  EDT 2008,6905 COBALT WAY
ELK GROVE,3,2,1857,Residential,285000,Fri May 16  EDT 2008,8986 HAFLINGER WAY
ELK GROVE,3,2,1735,Residential,288000,Fri May 16  EDT 2008,2916 BABSON DR
ELK GROVE,4,3,2096,Residential,289000,Fri May 16  EDT 2008,10133 NEBBIOLO CT
SACRAMENTO,3,2,1720,Residential,290000,Fri May 16  EDT 2008,1103 COMMONS DR
ANTELOPE,4,2,2160,Residential,290000,Fri May 16  EDT 2008,4636 TEAL BAY CT
SACRAMENTO,4,2,1382,Residential,293996,Fri May 16  EDT 2008,1524 YOUNGS AVE
PLACERVILLE,3,2,0,Residential,294000,Fri May 16  EDT 2008,865 CONRAD CT
ELK GROVE,4,2,1721,Residential,294173,Fri May 16  EDT 2008,8463 TERRACOTTA CT
LOOMIS,4,2,1328,Residential,295000,Fri May 16  EDT 2008,5747 KING RD
ELK GROVE,0,0,0,Residential,298000,Fri May 16  EDT 2008,8253 KEEGAN WAY
ELK GROVE,4,2,1982,Residential,298000,Fri May 16  EDT 2008,9204 TROUT WAY
SACRAMENTO,2,1,1144,Residential,299000,Fri May 16  EDT 2008,1828 2ND AVE
SACRAMENTO,2,2,1623,Residential,300000,Fri May 16  EDT 2008,1113 COMMONS DR
COOL,3,2,1457,Residential,300000,Fri May 16  EDT 2008,2341 BIG STRIKE TRL
ELK GROVE,6,3,2555,Residential,300000,Fri May 16  EDT 2008,9452 RED SPRUCE WAY
ROCKLIN,3,2,1577,Residential,300567,Fri May 16  EDT 2008,5776 TERRACE DR
ELK GROVE,5,3,2592,Residential,303000,Fri May 16  EDT 2008,5908 MCLEAN DR
CITRUS HEIGHTS,3,2,1401,Residential,305000,Fri May 16  EDT 2008,8215 PEREGRINE WAY
LINCOLN,4,2,0,Residential,306000,Fri May 16  EDT 2008,1104 HILLSDALE LN
CARMICHAEL,3,2,1502,Residential,310000,Fri May 16  EDT 2008,2949 PANAMA AVE
FOLSOM,3,2,1327,Residential,310000,Fri May 16  EDT 2008,1356 HARTLEY WAY
ROSEVILLE,4,3,1800,Residential,310000,Fri May 16  EDT 2008,633 HANISCH DR
SACRAMENTO,4,2,2169,Residential,311518,Fri May 16  EDT 2008,63 ANGEL ISLAND CIR
LINCOLN,5,3,2457,Residential,312000,Fri May 16  EDT 2008,1571 WILD OAK LN
RANCHO CORDOVA,0,0,0,Residential,313000,Fri May 16  EDT 2008,5222 COPPER SUNSET WAY
ORANGEVALE,4,2,2004,Residential,315000,Fri May 16  EDT 2008,5601 SPINDRIFT LN
ROSEVILLE,4,3,2212,Residential,315000,Fri May 16  EDT 2008,652 FIFTEEN MILE DR
ANTELOPE,5,3,3134,Residential,315000,Fri May 16  EDT 2008,7921 DOE TRAIL WAY
SACRAMENTO,3,2,1360,Residential,315000,Fri May 16  EDT 2008,4204 LUSK DR
ROCKLIN,4,2,0,Residential,315000,Fri May 16  EDT 2008,5321 DELTA DR
SACRAMENTO,3,2,1276,Residential,320000,Fri May 16  EDT 2008,5608 ROSEDALE WAY
SACRAMENTO,4,3,2962,Residential,322000,Fri May 16  EDT 2008,3372 BERETANIA WAY
ROCKLIN,4,2,1888,Residential,325000,Fri May 16  EDT 2008,2422 STEFANIE DR
ROSEVILLE,0,0,0,Residential,325500,Fri May 16  EDT 2008,3232 PARKHAM DR
ROSEVILLE,3,2,0,Residential,326951,Fri May 16  EDT 2008,448 ELMWOOD CT
GALT,3,2,1548,Residential,328370,Fri May 16  EDT 2008,1214 DAWNWOOD DR
LINCOLN,2,2,0,Residential,330000,Fri May 16  EDT 2008,1440 EMERALD LN
RANCHO CORDOVA,4,3,2109,Residential,330000,Fri May 16  EDT 2008,3349 CORVINA DR
SACRAMENTO,4,2,2484,Residential,331200,Fri May 16  EDT 2008,10254 JULIANA WAY
SACRAMENTO,4,3,2258,Residential,332000,Fri May 16  EDT 2008,149 OPUS CIR
SACRAMENTO,3,3,2212,Residential,334000,Fri May 16  EDT 2008,580 REGENCY PARK CIR
ORANGEVALE,3,2,1616,Residential,335000,Fri May 16  EDT 2008,5544 CAMAS CT
SACRAMENTO,4,2,2372,Residential,341000,Fri May 16  EDT 2008,5102 ARCHCREST WAY
ROCKLIN,5,3,2606,Residential,346375,Fri May 16  EDT 2008,5725 BALFOR RD
ROSEVILLE,5,3,0,Residential,347225,Fri May 16  EDT 2008,7697 ROSEHALL DR
ELK GROVE,5,3,2877,Residential,349000,Fri May 16  EDT 2008,4821 HUTSON WAY
ANTELOPE,3,2,2960,Residential,350000,Fri May 16  EDT 2008,4509 WINJE DR
LINCOLN,2,2,0,Residential,350000,Fri May 16  EDT 2008,1965 LAURELHURST LN
ROSEVILLE,3,2,2172,Residential,350000,Fri May 16  EDT 2008,6709 ROSE BRIDGE DR
ROSEVILLE,3,2,2100,Condo,350000,Fri May 16  EDT 2008,281 SPYGLASS HL
SACRAMENTO,3,2,1795,Residential,351000,Fri May 16  EDT 2008,7709 RIVER VILLAGE DR
EL DORADO HILLS,3,2,0,Residential,356200,Fri May 16  EDT 2008,4165 BRISBANE CIR
ROSEVILLE,4,2,2295,Residential,360000,Fri May 16  EDT 2008,506 BEDFORD CT
ROSEVILLE,4,3,2577,Residential,367463,Fri May 16  EDT 2008,9048 PINTO CANYON WAY
ROSEVILLE,0,0,0,Residential,375000,Fri May 16  EDT 2008,2274 IVY BRIDGE DR
WALNUT GROVE,3,1,1727,Residential,380000,Fri May 16  EDT 2008,14004 WALNUT AVE
ELK GROVE,3,2,1485,Residential,380578,Fri May 16  EDT 2008,6905 FRANKFORT CT
CARMICHAEL,3,2,1655,Residential,386222,Fri May 16  EDT 2008,3621 WINTUN DR
LINCOLN,0,0,0,Residential,389000,Fri May 16  EDT 2008,201 KIRKLAND CT
RANCHO CORDOVA,0,0,0,Residential,390000,Fri May 16  EDT 2008,12075 APPLESBURY CT
ROSEVILLE,3,2,2049,Residential,395500,Fri May 16  EDT 2008,1975 SIDESADDLE WAY
RANCHO CORDOVA,0,0,0,Residential,396000,Fri May 16  EDT 2008,5420 ALMOND FALLS WAY
ELK GROVE,5,3,2875,Residential,397000,Fri May 16  EDT 2008,9677 PILLITERI CT
LINCOLN,0,0,0,Residential,400000,Fri May 16  EDT 2008,1515 EL CAMINO VERDE DR
EL DORADO HILLS,4,2,2199,Residential,400000,Fri May 16  EDT 2008,556 PLATT CIR
ROSEVILLE,4,3,0,Residential,412500,Fri May 16  EDT 2008,1792 DIAMOND WOODS CIR
SACRAMENTO,2,1,1304,Residential,413500,Fri May 16  EDT 2008,1124 PERKINS WAY
CARMICHAEL,3,2,2334,Residential,415000,Fri May 16  EDT 2008,4748 SALEM WAY
AUBURN,4,3,2278,Residential,420454,Fri May 16  EDT 2008,1484 RADCLIFFE WAY
SACRAMENTO,3,1,1493,Residential,425000,Fri May 16  EDT 2008,51 AIKEN WAY
CAMERON PARK,3,2,0,Residential,425000,Fri May 16  EDT 2008,2818 KNOLLWOOD DR
LINCOLN,0,0,0,Residential,433500,Fri May 16  EDT 2008,1536 STONEY CROSS LN
ROSEVILLE,5,3,0,Residential,438000,Fri May 16  EDT 2008,509 CASTILLIAN CT
FOLSOM,5,3,2787,Residential,441000,Fri May 16  EDT 2008,700 HUNTER PL
SACRAMENTO,5,3,2824,Residential,445000,Fri May 16  EDT 2008,1240 FAY CIR
FOLSOM,4,3,3261,Residential,446000,Fri May 16  EDT 2008,1113 SANDWICK WAY
SACRAMENTO,4,2,2053,Residential,450000,Fri May 16  EDT 2008,3108 DELWOOD WAY
ROSEVILLE,4,3,2379,Residential,455000,Fri May 16  EDT 2008,3212 CORNICHE LN
EL DORADO HILLS,3,2,0,Residential,460000,Fri May 16  EDT 2008,2159 BECKETT DR
PLACERVILLE,3,2,0,Residential,475000,Fri May 16  EDT 2008,4320 FOUR SEASONS RD
GARDEN VALLEY,3,2,0,Residential,490000,Fri May 16  EDT 2008,6401 MARSHALL RD
EL DORADO HILLS,4,2,0,Residential,493000,Fri May 16  EDT 2008,2089 BECKETT DR
EL DORADO HILLS,5,4,0,Residential,508000,Fri May 16  EDT 2008,6196 EDGEHILL DR
ROSEVILLE,0,0,0,Residential,511000,Fri May 16  EDT 2008,200 HILLSFORD CT
FAIR OAKS,3,2,3173,Residential,525000,Fri May 16  EDT 2008,8217 PLUMERIA AVE
EL DORADO HILLS,4,3,0,Residential,533000,Fri May 16  EDT 2008,4841 VILLAGE GREEN DR
SACRAMENTO,3,1,1348,Residential,545000,Fri May 16  EDT 2008,3863 LAS PASAS WAY
AUBURN,4,3,0,Residential,560000,Fri May 16  EDT 2008,820 DANA CT
SACRAMENTO,2,1,1252,Residential,575000,Fri May 16  EDT 2008,1165 37TH ST
FOLSOM,4,3,3229,Residential,575000,Fri May 16  EDT 2008,203 CASCADE FALLS DR
SACRAMENTO,5,4,3863,Residential,598695,Fri May 16  EDT 2008,9880 IZILDA CT
ROSEVILLE,5,3,0,Residential,600000,Fri May 16  EDT 2008,1800 AVONDALE DR
ROCKLIN,4,3,0,Residential,600000,Fri May 16  EDT 2008,4620 BROMWICH CT
GRANITE BAY,4,3,2356,Residential,600000,Fri May 16  EDT 2008,620 KESWICK CT
ROCKLIN,0,0,0,Residential,600000,Fri May 16  EDT 2008,4478 GREENBRAE RD
ROSEVILLE,5,3,3579,Residential,610000,Fri May 16  EDT 2008,8432 BRIGGS DR
EL DORADO HILLS,0,0,0,Residential,622500,Fri May 16  EDT 2008,200 CRADLE MOUNTAIN CT
EL DORADO HILLS,0,0,0,Residential,680000,Fri May 16  EDT 2008,2065 IMPRESSIONIST WAY
EL DORADO HILLS,4,3,0,Residential,879000,Fri May 16  EDT 2008,2982 ABERDEEN LN
WILTON,4,3,4400,Residential,884790,Fri May 16  EDT 2008,9401 BARREL RACER CT
LINCOLN,3,3,0,Residential,1551,Fri May 16  EDT 2008,3720 VISTA DE MADERA
SLOUGHHOUSE,3,4,5822,Residential,2000,Fri May 16  EDT 2008,14151 INDIO DR
SACRAMENTO,4,2,1512,Residential,56950,Thu May 15  EDT 2008,7401 TOULON LN
SACRAMENTO,1,1,611,Condo,60000,Thu May 15  EDT 2008,9127 NEWHALL DR Unit 34
SACRAMENTO,2,1,876,Residential,61000,Thu May 15  EDT 2008,5937 BAMFORD DR
SACRAMENTO,2,1,933,Condo,62000,Thu May 15  EDT 2008,5672 HILLSDALE BLVD
SACRAMENTO,2,1,864,Residential,68566,Thu May 15  EDT 2008,3920 39TH ST
SACRAMENTO,2,1,1011,Residential,70000,Thu May 15  EDT 2008,701 JESSIE AVE
SACRAMENTO,4,2,1158,Residential,80000,Thu May 15  EDT 2008,83 ARCADE BLVD
SACRAMENTO,3,2,1092,Residential,85500,Thu May 15  EDT 2008,601 REGGINALD WAY
SACRAMENTO,2,1,956,Condo,92000,Thu May 15  EDT 2008,550 DEL VERDE CIR
SACRAMENTO,2,2,1139,Residential,93600,Thu May 15  EDT 2008,4113 DAYSTAR CT
SACRAMENTO,3,1,1058,Residential,95000,Thu May 15  EDT 2008,7374 TISDALE WAY
SACRAMENTO,3,2,1040,Residential,97750,Thu May 15  EDT 2008,3348 RIO LINDA BLVD
SACRAMENTO,3,2,1354,Residential,104000,Thu May 15  EDT 2008,3935 LIMESTONE WAY
NORTH HIGHLANDS,3,1,1051,Residential,105000,Thu May 15  EDT 2008,6208 GRATTAN WAY
SACRAMENTO,1,1,682,Condo,107666,Thu May 15  EDT 2008,739 E WOODSIDE LN Unit E
SACRAMENTO,3,1,1161,Residential,109000,Thu May 15  EDT 2008,4225 46TH AVE
SACRAMENTO,3,1,1004,Residential,110000,Thu May 15  EDT 2008,1434 BELL AVE
NORTH HIGHLANDS,3,1,1229,Residential,110000,Thu May 15  EDT 2008,5628 GEORGIA DR
SACRAMENTO,3,2,1249,Residential,112500,Thu May 15  EDT 2008,7629 BETH ST
SACRAMENTO,3,2,1161,Residential,114800,Thu May 15  EDT 2008,2277 BABETTE WAY
SACRAMENTO,3,1,1010,Residential,116000,Thu May 15  EDT 2008,6561 WEATHERFORD WAY
CAMERON PARK,0,0,0,Condo,119000,Thu May 15  EDT 2008,3035 ESTEPA DR Unit 5C
SACRAMENTO,4,2,1462,Residential,121500,Thu May 15  EDT 2008,5136 CABOT CIR
SACRAMENTO,3,2,1269,Residential,122000,Thu May 15  EDT 2008,7730 ROBINETTE RD
SACRAMENTO,2,2,1188,Residential,123675,Thu May 15  EDT 2008,87 LACAM CIR
SACRAMENTO,4,2,1570,Residential,126854,Thu May 15  EDT 2008,1691 NOGALES ST
SACRAMENTO,3,2,1093,Residential,127059,Thu May 15  EDT 2008,3118 42ND ST
SACRAMENTO,3,1,962,Residential,128687,Thu May 15  EDT 2008,7517 50TH AVE
SACRAMENTO,3,2,1089,Residential,129500,Thu May 15  EDT 2008,4071 EVALITA WAY
SACRAMENTO,3,2,1127,Residential,130000,Thu May 15  EDT 2008,7928 36TH AVE
SACRAMENTO,4,2,1309,Residential,131750,Thu May 15  EDT 2008,6631 DEMARET DR
RIO LINDA,2,1,970,Residential,132000,Thu May 15  EDT 2008,7043 9TH AVE
SACRAMENTO,3,2,1144,Residential,134000,Thu May 15  EDT 2008,97 KENNELFORD CIR
RANCHO CORDOVA,3,1,1000,Residential,134000,Thu May 15  EDT 2008,2636 TRONERO WAY
LINCOLN,0,0,0,Condo,138000,Thu May 15  EDT 2008,1530 TOPANGA LN Unit 204
ANTELOPE,3,2,1206,Residential,142000,Thu May 15  EDT 2008,3604 KODIAK WAY
SACRAMENTO,3,1,1285,Residential,143012,Thu May 15  EDT 2008,2149 COTTAGE WAY
SACRAMENTO,3,2,1543,Residential,145846,Thu May 15  EDT 2008,8632 PRAIRIEWOODS DR
WEST SACRAMENTO,2,1,884,Residential,147000,Thu May 15  EDT 2008,612 STONE BLVD
SACRAMENTO,3,1,1019,Residential,148750,Thu May 15  EDT 2008,4180 12TH AVE
SACRAMENTO,4,2,1392,Residential,150000,Thu May 15  EDT 2008,8025 ARROYO VISTA DR
SACRAMENTO,2,1,924,Condo,150454,Thu May 15  EDT 2008,5754 WALERGA RD Unit 4
SACRAMENTO,3,2,1217,Residential,151087,Thu May 15  EDT 2008,8 LA ROCAS CT
ANTELOPE,3,2,1670,Residential,157296,Thu May 15  EDT 2008,8636 LONGSPUR WAY
SACRAMENTO,3,2,1302,Residential,157500,Thu May 15  EDT 2008,1941 EXPEDITION WAY
SACRAMENTO,3,2,1488,Residential,160000,Thu May 15  EDT 2008,4351 TURNBRIDGE DR
NORTH HIGHLANDS,3,2,1373,Residential,160000,Thu May 15  EDT 2008,6513 HOLIDAY WAY
CITRUS HEIGHTS,4,2,1381,Residential,161250,Thu May 15  EDT 2008,8321 MISTLETOE WAY
SACRAMENTO,3,2,1265,Residential,164000,Thu May 15  EDT 2008,5920 VALLEY GLEN WAY
SACRAMENTO,2,1,881,Residential,165000,Thu May 15  EDT 2008,2601 SAN FERNANDO WAY
WEST SACRAMENTO,0,0,0,Residential,165000,Thu May 15  EDT 2008,501 POPLAR AVE
SACRAMENTO,4,2,1608,Residential,165750,Thu May 15  EDT 2008,8008 SAINT HELENA CT
CITRUS HEIGHTS,3,1,1344,Residential,166000,Thu May 15  EDT 2008,6517 DONEGAL DR
SACRAMENTO,3,2,1202,Residential,169000,Thu May 15  EDT 2008,1001 RIO NORTE WAY
LINCOLN,3,2,1104,Residential,170000,Thu May 15  EDT 2008,604 P ST
ROSEVILLE,2,2,0,Condo,170000,Thu May 15  EDT 2008,10001 WOODCREEK OAKS BLVD Unit 815
SACRAMENTO,4,2,1859,Multi-Family,170000,Thu May 15  EDT 2008,7351 GIGI PL
SACRAMENTO,3,2,1232,Residential,170000,Thu May 15  EDT 2008,7740 DIXIE LOU ST
SACRAMENTO,3,1,1638,Residential,170725,Thu May 15  EDT 2008,7342 DAVE ST
SACRAMENTO,2,2,1177,Residential,171750,Thu May 15  EDT 2008,7687 HOWERTON DR
SACRAMENTO,3,2,1582,Residential,172000,Thu May 15  EDT 2008,26 KAMSON CT
SACRAMENTO,2,2,904,Residential,173056,Thu May 15  EDT 2008,7045 PEEVEY CT
ELK GROVE,3,2,1340,Residential,174000,Thu May 15  EDT 2008,8916 GABLES MILL PL
SACRAMENTO,3,2,1204,Residential,174250,Thu May 15  EDT 2008,1140 EDMONTON DR
ELK GROVE,4,2,1477,Residential,176850,Thu May 15  EDT 2008,8879 APPLE PEAR CT
SACRAMENTO,4,2,1497,Residential,179500,Thu May 15  EDT 2008,9 WIND CT
FAIR OAKS,3,1,960,Residential,185000,Thu May 15  EDT 2008,8570 SHERATON DR
LINCOLN,0,0,0,Condo,188000,Thu May 15  EDT 2008,1550 TOPANGA LN Unit 207
SACRAMENTO,3,2,1428,Residential,188700,Thu May 15  EDT 2008,1080 RIO NORTE WAY
SACRAMENTO,3,1,1039,Residential,189000,Thu May 15  EDT 2008,5501 VALLETTA WAY
FAIR OAKS,3,1,1529,Residential,189000,Thu May 15  EDT 2008,5624 MEMORY LN
CITRUS HEIGHTS,4,3,1892,Residential,189836,Thu May 15  EDT 2008,6622 WILLOWLEAF DR
SACRAMENTO,4,2,1887,Residential,190000,Thu May 15  EDT 2008,27 MEGAN CT
ORANGEVALE,3,2,1294,Residential,191250,Thu May 15  EDT 2008,6601 WOODMORE OAKS DR
SACRAMENTO,3,2,1638,Residential,191675,Thu May 15  EDT 2008,1973 DANVERS WAY
SACRAMENTO,3,2,1677,Residential,195500,Thu May 15  EDT 2008,8001 ARROYO VISTA DR
CITRUS HEIGHTS,3,1,1073,Residential,198000,Thu May 15  EDT 2008,7409 VOYAGER WAY
SACRAMENTO,3,2,1231,Residential,200000,Thu May 15  EDT 2008,815 CROSSWIND DR
ELK GROVE,3,2,1175,Residential,200000,Thu May 15  EDT 2008,5509 LAGUNA CREST WAY
ELK GROVE,3,2,1416,Residential,200000,Thu May 15  EDT 2008,8424 MERRY HILL WAY
WEST SACRAMENTO,0,0,0,Residential,200100,Thu May 15  EDT 2008,1525 PENNSYLVANIA AVE
SACRAMENTO,3,2,1358,Residential,201528,Thu May 15  EDT 2008,5954 BRIDGECROSS DR
ELK GROVE,4,2,1609,Residential,204750,Thu May 15  EDT 2008,8789 SEQUOIA WOOD CT
SACRAMENTO,4,3,1968,Residential,205000,Thu May 15  EDT 2008,6600 SILVERTHORNE CIR
SACRAMENTO,2,2,1089,Residential,205000,Thu May 15  EDT 2008,2221 2ND AVE
CARMICHAEL,3,2,1296,Residential,205900,Thu May 15  EDT 2008,3230 SMATHERS WAY
ELK GROVE,2,2,1189,Residential,207000,Thu May 15  EDT 2008,5209 LAGUNA CREST WAY
SACRAMENTO,2,1,795,Residential,207973,Thu May 15  EDT 2008,416 LEITCH AVE
ROSEVILLE,3,2,1371,Residential,208250,Thu May 15  EDT 2008,2100 BEATTY WAY
NORTH HIGHLANDS,3,1,1310,Residential,208318,Thu May 15  EDT 2008,6920 GILLINGHAM WAY
GALT,3,2,1262,Residential,209347,Thu May 15  EDT 2008,82 WILDFLOWER DR
ELK GROVE,4,2,1740,Residential,211500,Thu May 15  EDT 2008,8652 BANTON CIR
ANTELOPE,3,2,1517,Residential,212000,Thu May 15  EDT 2008,8428 MISTY PASS WAY
SACRAMENTO,3,2,1450,Residential,213000,Thu May 15  EDT 2008,7958 ROSEVIEW WAY
ELK GROVE,3,2,1416,Residential,216000,Thu May 15  EDT 2008,9020 LUKEN CT
SACRAMENTO,3,1,888,Residential,216021,Thu May 15  EDT 2008,7809 VALLECITOS WAY
CITRUS HEIGHTS,3,2,1882,Residential,219000,Thu May 15  EDT 2008,8445 OLD AUBURN RD
ELK GROVE,3,2,1302,Residential,219794,Thu May 15  EDT 2008,10085 ATKINS DR
ELK GROVE,3,2,1418,Residential,220000,Thu May 15  EDT 2008,9185 CERROLINDA CIR
ROSEVILLE,3,2,0,Condo,220000,Thu May 15  EDT 2008,9197 CORTINA CIR
CARMICHAEL,4,2,1319,Residential,220000,Thu May 15  EDT 2008,5429 HESPER WAY
GALT,4,2,1770,Residential,220000,Thu May 15  EDT 2008,1178 WARMWOOD CT
SACRAMENTO,4,2,1627,Residential,223000,Thu May 15  EDT 2008,4900 ELUDE CT
SACRAMENTO,0,0,0,Residential,224000,Thu May 15  EDT 2008,3557 SODA WAY
SACRAMENTO,3,1,1040,Residential,224000,Thu May 15  EDT 2008,3528 SAINT GEORGE DR
NORTH HIGHLANDS,3,1,960,Residential,224252,Thu May 15  EDT 2008,7381 WASHBURN WAY
CAMERON PARK,3,2,0,Residential,224500,Thu May 15  EDT 2008,2181 WINTERHAVEN CIR
ORANGEVALE,3,1,1456,Residential,225000,Thu May 15  EDT 2008,7540 HICKORY AVE
ELK GROVE,3,2,1450,Residential,228000,Thu May 15  EDT 2008,5024 CHAMBERLIN CIR
LINCOLN,3,2,1358,Residential,229027,Thu May 15  EDT 2008,2400 INVERNESS DR
SACRAMENTO,4,2,1329,Residential,229500,Thu May 15  EDT 2008,5 BISHOPGATE CT
SACRAMENTO,4,2,1715,Residential,230000,Thu May 15  EDT 2008,5601 REXLEIGH DR
ELK GROVE,3,2,1262,Residential,230000,Thu May 15  EDT 2008,1909 YARNELL WAY
SACRAMENTO,4,3,2280,Residential,232425,Thu May 15  EDT 2008,9169 GARLINGTON CT
SACRAMENTO,3,2,1477,Residential,234000,Thu May 15  EDT 2008,6932 RUSKUT WAY
CITRUS HEIGHTS,3,2,1216,Residential,235000,Thu May 15  EDT 2008,7933 DAFFODIL WAY
ELK GROVE,4,2,1685,Residential,235301,Thu May 15  EDT 2008,8304 RED FOX WAY
EL DORADO HILLS,3,2,1362,Residential,235738,Thu May 15  EDT 2008,3882 YELLOWSTONE LN
